Id,IndicatorCode,SpatialDimType,SpatialDim,TimeDimType,ParentLocationCode,ParentLocation,Dim1Type,TimeDim,Dim1,Dim2Type,Dim2,Dim3Type,Dim3,DataSourceDimType,DataSourceDim,Value,NumericValue,Low,High,Comments,Date,TimeDimensionValue,TimeDimensionBegin,TimeDimensionEnd
5295365,WHS6_102,COUNTRY,PAK,YEAR,EMR,Eastern Mediterranean,,2013,,,,,,,,4.7,4.715266205,,,"Pakistan statistical yearbook, MoH",2025-09-30T15:06:45.29+02:00,2013,2013-01-01T00:00:00+01:00,2013-12-31T00:00:00+01:00
2566811,WHS6_102,COUNTRY,BGD,YEAR,SEAR,South-East Asia,,2020,,,,,,,,9.7,9.678888307,,,Health Bulletin 2023,2025-09-30T15:06:45.29+02:00,2020,2020-01-01T00:00:00+01:00,2020-12-31T00:00:00+01:00
9625773,WHS6_102,COUNTRY,BGD,YEAR,SEAR,South-East Asia,,2021,,,,,,,,9.4,9.430161025,,,Health Bulletin 2021,2025-09-30T15:06:45.29+02:00,2021,2021-01-01T00:00:00+01:00,2021-12-31T00:00:00+01:00
7717493,WHS6_102,COUNTRY,MEX,YEAR,AMR,Americas,,2012,,,,,,,,10.2,10.212106573,,,"OECD Health Statistics Database, data extracted on 31 January 2025",2025-09-30T15:06:45.29+02:00,2012,2012-01-01T00:00:00+01:00,2012-12-31T00:00:00+01:00
5450027,WHS6_102,COUNTRY,EGY,YEAR,EMR,Eastern Mediterranean,,2018,,,,,,,,12.4,12.395950444,,,"Egypt in figures, MoH",2025-09-30T15:06:45.29+02:00,2018,2018-01-01T00:00:00+01:00,2018-12-31T00:00:00+01:00
4947312,WHS6_102,COUNTRY,KOR,YEAR,WPR,Western Pacific,,2017,,,,,,,,122.6,122.574819367,,,"OECD Health Statistics Database, data extracted on 31 January 2025",2025-09-30T15:06:45.29+02:00,2017,2017-01-01T00:00:00+01:00,2017-12-31T00:00:00+01:00
4719147,WHS6_102,COUNTRY,BRA,YEAR,AMR,Americas,,2018,,,,,,,,23.0,23.048338446,,,"OECD Health Statistics Database, data extracted on 31 January 2025",2025-09-30T15:06:45.29+02:00,2018,2018-01-01T00:00:00+01:00,2018-12-31T00:00:00+01:00
6395736,WHS6_102,COUNTRY,MDG,YEAR,AFR,Africa,,2011,,,,,,,,3.2,3.157875596,,,"Annuaire des statistiques du secteur santé, MoH",2025-09-30T15:06:45.29+02:00,2011,2011-01-01T00:00:00+01:00,2011-12-31T00:00:00+01:00
8349789,WHS6_102,COUNTRY,KOR,YEAR,WPR,Western Pacific,,2022,,,,,,,,128.1,128.054612101,,,"OECD Health Statistics Database, data extracted on 31 January 2025",2025-09-30T15:06:45.29+02:00,2022,2022-01-01T00:00:00+01:00,2022-12-31T00:00:00+01:00
7800046,WHS6_102,COUNTRY,IDN,YEAR,WPR,Western Pacific,,2015,,,,,,,,9.5,9.520844693,,,"OECD Health Statistics Database, data extracted on 31 January 2025",2025-09-30T15:06:45.29+02:00,2015,2015-01-01T00:00:00+01:00,2015-12-31T00:00:00+01:00
1721566,WHS6_102,COUNTRY,BGD,YEAR,SEAR,South-East Asia,,2011,,,,,,,,5.3,5.330778497,,,"Health Bulletin, MoH",2025-09-30T15:06:45.29+02:00,2011,2011-01-01T00:00:00+01:00,2011-12-31T00:00:00+01:00
8999549,WHS6_102,COUNTRY,IND,YEAR,SEAR,South-East Asia,,2017,,,,,,,,16.6,16.586913757,,,"National Health Profile, Central Bureau of Health Intelligence",2025-09-30T15:06:45.29+02:00,2017,2017-01-01T00:00:00+01:00,2017-12-31T00:00:00+01:00
7920344,WHS6_102,COUNTRY,KOR,YEAR,WPR,Western Pacific,,2011,,,,,,,,96.8,96.838356232,,,"OECD Health Statistics Database, data extracted on 31 January 2025",2025-09-30T15:06:45.29+02:00,2011,2011-01-01T00:00:00+01:00,2011-12-31T00:00:00+01:00
2921447,WHS6_102,COUNTRY,BRA,YEAR,AMR,Americas,,2021,,,,,,,,25.2,25.181114995,,,"OECD Health Statistics Database, data extracted on 31 January 2025",2025-09-30T15:06:45.29+02:00,2021,2021-01-01T00:00:00+01:00,2021-12-31T00:00:00+01:00
8451364,WHS6_102,COUNTRY,COL,YEAR,AMR,Americas,,2010,,,,,,,,15.1,15.127522691,,,"OECD Health Statistics Database, data extracted on 31 January 2025",2025-09-30T15:06:45.29+02:00,2010,2010-01-01T00:00:00+01:00,2010-12-31T00:00:00+01:00
3642176,WHS6_102,COUNTRY,TUR,YEAR,EUR,Europe,,2022,,,,,,,,30.1,30.116541216,,,"OECD Health Statistics Database, data extracted on 31 January 2025",2025-09-30T15:06:45.29+02:00,2022,2022-01-01T00:00:00+01:00,2022-12-31T00:00:00+01:00
4326972,WHS6_102,COUNTRY,PAK,YEAR,EMR,Eastern Mediterranean,,2019,,,,,,,,5.0,4.975760299,,,"Pakistan statistical yearbook, MoH",2025-09-30T15:06:45.29+02:00,2019,2019-01-01T00:00:00+01:00,2019-12-31T00:00:00+01:00
7787520,WHS6_102,COUNTRY,CHN,YEAR,WPR,Western Pacific,,2019,,,,,,,,48.2,48.236050553,,,"OECD Health Statistics Database, data extracted on 31 January 2025",2025-09-30T15:06:45.29+02:00,2019,2019-01-01T00:00:00+01:00,2019-12-31T00:00:00+01:00
1487586,WHS6_102,COUNTRY,POL,YEAR,EUR,Europe,,2013,,,,,,,,65.7,65.705127074,,,"OECD Health Statistics Database, data extracted on 31 January 2025",2025-09-30T15:06:45.29+02:00,2013,2013-01-01T00:00:00+01:00,2013-12-31T00:00:00+01:00
5494328,WHS6_102,COUNTRY,IDN,YEAR,WPR,Western Pacific,,2018,,,,,,,,11.5,11.509830492,,,"Indonesia Health Profile, Ministry of Health",2025-09-30T15:06:45.29+02:00,2018,2018-01-01T00:00:00+01:00,2018-12-31T00:00:00+01:00
5099500,WHS6_102,COUNTRY,COL,YEAR,AMR,Americas,,2012,,,,,,,,15.2,15.181838195,,,"OECD Health Statistics Database, data extracted on 31 January 2025",2025-09-30T15:06:45.29+02:00,2012,2012-01-01T00:00:00+01:00,2012-12-31T00:00:00+01:00
9489853,WHS6_102,COUNTRY,JPN,YEAR,WPR,Western Pacific,,2019,,,,,,,,127.9,127.864827546,,,"OECD Health Statistics Database, data extracted on 31 January 2025",2025-09-30T15:06:45.29+02:00,2019,2019-01-01T00:00:00+01:00,2019-12-31T00:00:00+01:00
1310276,WHS6_102,COUNTRY,JPN,YEAR,WPR,Western Pacific,,2013,,,,,,,,132.7,132.717324174,,,"OECD Health Statistics Database, data extracted on 31 January 2025",2025-09-30T15:06:45.29+02:00,2013,2013-01-01T00:00:00+01:00,2013-12-31T00:00:00+01:00
6699878,WHS6_102,COUNTRY,IND,YEAR,SEAR,South-East Asia,,2013,,,,,,,,17.4,17.403925332,,,"National Health Profile, Central Bureau of Health Intelligence",2025-09-30T15:06:45.29+02:00,2013,2013-01-01T00:00:00+01:00,2013-12-31T00:00:00+01:00
2051071,WHS6_102,COUNTRY,RWA,YEAR,AFR,Africa,,2015,,,,,,,,7.4,7.435549763,,,"Statistical Yearbook, National Institute of Statistics of Rwanda",2025-09-30T15:06:45.29+02:00,2015,2015-01-01T00:00:00+01:00,2015-12-31T00:00:00+01:00
4320835,WHS6_102,COUNTRY,PHL,YEAR,WPR,Western Pacific,,2021,,,,,,,,9.7,9.694613786,,,"HFSRB, CO, CHD-RLEDS",2025-09-30T15:06:45.29+02:00,2021,2021-01-01T00:00:00+01:00,2021-12-31T00:00:00+01:00
4865422,WHS6_102,COUNTRY,ZAF,YEAR,AFR,Africa,,2010,,,,,,,,22.5,22.512779725,,,"OECD Health Statistics Database, data extracted on 31 January 2025",2025-09-30T15:06:45.29+02:00,2010,2010-01-01T00:00:00+01:00,2010-12-31T00:00:00+01:00
6452918,WHS6_102,COUNTRY,MEX,YEAR,AMR,Americas,,2016,,,,,,,,10.0,9.962589696,,,"OECD Health Statistics Database, data extracted on 31 January 2025",2025-09-30T15:06:45.29+02:00,2016,2016-01-01T00:00:00+01:00,2016-12-31T00:00:00+01:00
4206870,WHS6_102,COUNTRY,COL,YEAR,AMR,Americas,,2019,,,,,,,,17.5,17.524449544,,,"OECD Health Statistics Database, data extracted on 31 January 2025",2025-09-30T15:06:45.29+02:00,2019,2019-01-01T00:00:00+01:00,2019-12-31T00:00:00+01:00
109280,WHS6_102,COUNTRY,PHL,YEAR,WPR,Western Pacific,,2016,,,,,,,,10.3,10.341617305,,,"HFSRB, CO, CHD-RLEDS",2025-09-30T15:06:45.29+02:00,2016,2016-01-01T00:00:00+01:00,2016-12-31T00:00:00+01:00
3351393,WHS6_102,COUNTRY,THA,YEAR,SEAR,South-East Asia,,2017,,,,,,,,21.2,21.197106219,,,"Statistical yearbook, National Statistical Office",2025-09-30T15:06:45.29+02:00,2017,2017-01-01T00:00:00+01:00,2017-12-31T00:00:00+01:00
6586064,WHS6_102,COUNTRY,TUR,YEAR,EUR,Europe,,2019,,,,,,,,27.8,27.824563913,,,"OECD Health Statistics Database, data extracted on 31 January 2025",2025-09-30T15:06:45.29+02:00,2019,2019-01-01T00:00:00+01:00,2019-12-31T00:00:00+01:00
2114656,WHS6_102,COUNTRY,PHL,YEAR,WPR,Western Pacific,,2014,,,,,,,,9.2,9.224597512,,,"HFSRB, CO, CHD-RLEDS",2025-09-30T15:06:45.29+02:00,2014,2014-01-01T00:00:00+01:00,2014-12-31T00:00:00+01:00
1639602,WHS6_102,COUNTRY,EGY,YEAR,EMR,Eastern Mediterranean,,2015,,,,,,,,12.5,12.48637815,,,"Egypt in figures, MoH",2025-09-30T15:06:45.29+02:00,2015,2015-01-01T00:00:00+01:00,2015-12-31T00:00:00+01:00
5289724,WHS6_102,COUNTRY,RWA,YEAR,AFR,Africa,,2011,,,,,,,,7.2,7.196127918,,,"Statistical Yearbook, National Institute of Statistics of Rwanda",2025-09-30T15:06:45.29+02:00,2011,2011-01-01T00:00:00+01:00,2011-12-31T00:00:00+01:00
2019503,WHS6_102,COUNTRY,AFG,YEAR,EMR,Eastern Mediterranean,,2014,,,,,,,,4.6,4.558965245,,,"Afghanistan Statistical Yearbook, National Statistic and Information Authority",2025-09-30T15:06:45.29+02:00,2014,2014-01-01T00:00:00+01:00,2014-12-31T00:00:00+01:00
5751566,WHS6_102,COUNTRY,EGY,YEAR,EMR,Eastern Mediterranean,,2021,,,,,,,,10.6,10.590047729,,,"Egypt in figures, MoH",2025-09-30T15:06:45.29+02:00,2021,2021-01-01T00:00:00+01:00,2021-12-31T00:00:00+01:00
3915329,WHS6_102,COUNTRY,TUR,YEAR,EUR,Europe,,2015,,,,,,,,26.2,26.201342056,,,"OECD Health Statistics Database, data extracted on 31 January 2025",2025-09-30T15:06:45.29+02:00,2015,2015-01-01T00:00:00+01:00,2015-12-31T00:00:00+01:00
4263940,WHS6_102,COUNTRY,KEN,YEAR,AFR,Africa,,2010,,,,,,,,14.0,14.0,,,"WHO AFRO regional observatory, data extracted on December 7 2020",2025-09-30T15:06:45.29+02:00,2010,2010-01-01T00:00:00+01:00,2010-12-31T00:00:00+01:00
1241021,WHS6_102,COUNTRY,CHN,YEAR,WPR,Western Pacific,,2015,,,,,,,,38.2,38.181144124,,,"OECD Health Statistics Database, data extracted on 31 January 2025",2025-09-30T15:06:45.29+02:00,2015,2015-01-01T00:00:00+01:00,2015-12-31T00:00:00+01:00
949079,WHS6_102,COUNTRY,MEX,YEAR,AMR,Americas,,2010,,,,,,,,10.5,10.517681764,,,"OECD Health Statistics Database, data extracted on 31 January 2025",2025-09-30T15:06:45.29+02:00,2010,2010-01-01T00:00:00+01:00,2010-12-31T00:00:00+01:00
1443818,WHS6_102,COUNTRY,POL,YEAR,EUR,Europe,,2018,,,,,,,,64.9,64.914238411,,,"OECD Health Statistics Database, data extracted on 31 January 2025",2025-09-30T15:06:45.29+02:00,2018,2018-01-01T00:00:00+01:00,2018-12-31T00:00:00+01:00
7440199,WHS6_102,COUNTRY,BGD,YEAR,SEAR,South-East Asia,,2013,,,,,,,,5.8,5.82027454,,,"Health Bulletin, MoH",2025-09-30T15:06:45.29+02:00,2013,2013-01-01T00:00:00+01:00,2013-12-31T00:00:00+01:00
6061671,WHS6_102,COUNTRY,JPN,YEAR,WPR,Western Pacific,,2012,,,,,,,,133.2,133.188138442,,,"OECD Health Statistics Database, data extracted on 31 January 2025",2025-09-30T15:06:45.29+02:00,2012,2012-01-01T00:00:00+01:00,2012-12-31T00:00:00+01:00
4289557,WHS6_102,COUNTRY,COL,YEAR,AMR,Americas,,2020,,,,,,,,17.0,16.991310507,,,"OECD Health Statistics Database, data extracted on 31 January 2025",2025-09-30T15:06:45.29+02:00,2020,2020-01-01T00:00:00+01:00,2020-12-31T00:00:00+01:00
4410094,WHS6_102,COUNTRY,CHN,YEAR,WPR,Western Pacific,,2011,,,,,,,,27.2,27.238362123,,,"OECD Health Statistics Database, data extracted on 31 January 2025",2025-09-30T15:06:45.29+02:00,2011,2011-01-01T00:00:00+01:00,2011-12-31T00:00:00+01:00
7984676,WHS6_102,COUNTRY,CHN,YEAR,WPR,Western Pacific,,2017,,,,,,,,43.3,43.335430297,,,"OECD Health Statistics Database, data extracted on 31 January 2025",2025-09-30T15:06:45.29+02:00,2017,2017-01-01T00:00:00+01:00,2017-12-31T00:00:00+01:00
7453183,WHS6_102,COUNTRY,BRA,YEAR,AMR,Americas,,2015,,,,,,,,23.9,23.946831349,,,"OECD Health Statistics Database, data extracted on 31 January 2025",2025-09-30T15:06:45.29+02:00,2015,2015-01-01T00:00:00+01:00,2015-12-31T00:00:00+01:00
1082507,WHS6_102,COUNTRY,GHA,YEAR,AFR,Africa,,2010,,,,,,,,7.0,7.000980805,,,"Statistical Yearbook, Ghana Statistical Service",2025-09-30T15:06:45.29+02:00,2010,2010-01-01T00:00:00+01:00,2010-12-31T00:00:00+01:00
6390532,WHS6_102,COUNTRY,BRA,YEAR,AMR,Americas,,2019,,,,,,,,22.9,22.854592609,,,"OECD Health Statistics Database, data extracted on 31 January 2025",2025-09-30T15:06:45.29+02:00,2019,2019-01-01T00:00:00+01:00,2019-12-31T00:00:00+01:00
8528564,WHS6_102,COUNTRY,BRA,YEAR,AMR,Americas,,2010,,,,,,,,25.9,25.851781519,,,"OECD Health Statistics Database, data extracted on 31 January 2025",2025-09-30T15:06:45.29+02:00,2010,2010-01-01T00:00:00+01:00,2010-12-31T00:00:00+01:00
7231097,WHS6_102,COUNTRY,POL,YEAR,EUR,Europe,,2012,,,,,,,,66.0,65.978054882,,,"OECD Health Statistics Database, data extracted on 31 January 2025",2025-09-30T15:06:45.29+02:00,2012,2012-01-01T00:00:00+01:00,2012-12-31T00:00:00+01:00
2511203,WHS6_102,COUNTRY,BGD,YEAR,SEAR,South-East Asia,,2018,,,,,,,,8.8,8.769035819,,,"Health Bulletin, MoH",2025-09-30T15:06:45.29+02:00,2018,2018-01-01T00:00:00+01:00,2018-12-31T00:00:00+01:00
6036639,WHS6_102,COUNTRY,PHL,YEAR,WPR,Western Pacific,,2015,,,,,,,,9.3,9.273879787,,,"HFSRB, CO, CHD-RLEDS",2025-09-30T15:06:45.29+02:00,2015,2015-01-01T00:00:00+01:00,2015-12-31T00:00:00+01:00
9658923,WHS6_102,COUNTRY,CHL,YEAR,AMR,Americas,,2012,,,,,,,,21.6,21.607254613,,,"OECD Health Statistics Database, data extracted on 31 January 2025",2025-09-30T15:06:45.29+02:00,2012,2012-01-01T00:00:00+01:00,2012-12-31T00:00:00+01:00
8029048,WHS6_102,COUNTRY,IDN,YEAR,WPR,Western Pacific,,2013,,,,,,,,9.6,9.589120005,,,"OECD Health Statistics Database, data extracted on 31 January 2025",2025-09-30T15:06:45.29+02:00,2013,2013-01-01T00:00:00+01:00,2013-12-31T00:00:00+01:00
981167,WHS6_102,COUNTRY,POL,YEAR,EUR,Europe,,2016,,,,,,,,65.9,65.895063152,,,"OECD Health Statistics Database, data extracted on 31 January 2025",2025-09-30T15:06:45.29+02:00,2016,2016-01-01T00:00:00+01:00,2016-12-31T00:00:00+01:00
5954390,WHS6_102,COUNTRY,KOR,YEAR,WPR,Western Pacific,,2013,,,,,,,,110.0,109.952098581,,,"OECD Health Statistics Database, data extracted on 31 January 2025",2025-09-30T15:06:45.29+02:00,2013,2013-01-01T00:00:00+01:00,2013-12-31T00:00:00+01:00
6264252,WHS6_102,COUNTRY,KOR,YEAR,WPR,Western Pacific,,2019,,,,,,,,124.3,124.293374088,,,"OECD Health Statistics Database, data extracted on 31 January 2025",2025-09-30T15:06:45.29+02:00,2019,2019-01-01T00:00:00+01:00,2019-12-31T00:00:00+01:00
1837055,WHS6_102,COUNTRY,POL,YEAR,EUR,Europe,,2014,,,,,,,,65.8,65.831242526,,,"OECD Health Statistics Database, data extracted on 31 January 2025",2025-09-30T15:06:45.29+02:00,2014,2014-01-01T00:00:00+01:00,2014-12-31T00:00:00+01:00
8854847,WHS6_102,COUNTRY,PHL,YEAR,WPR,Western Pacific,,2018,,,,,,,,9.4,9.422896121,,,"HFSRB, CO, CHD-RLEDS",2025-09-30T15:06:45.29+02:00,2018,2018-01-01T00:00:00+01:00,2018-12-31T00:00:00+01:00
1095556,WHS6_102,COUNTRY,IDN,YEAR,WPR,Western Pacific,,2016,,,,,,,,9.7,9.690076383,,,"OECD Health Statistics Database, data extracted on 31 January 2025",2025-09-30T15:06:45.29+02:00,2016,2016-01-01T00:00:00+01:00,2016-12-31T00:00:00+01:00
7086360,WHS6_102,COUNTRY,PHL,YEAR,WPR,Western Pacific,,2013,,,,,,,,9.5,9.495442612,,,"HFSRB, CO, CHD-RLEDS",2025-09-30T15:06:45.29+02:00,2013,2013-01-01T00:00:00+01:00,2013-12-31T00:00:00+01:00
6441495,WHS6_102,COUNTRY,PHL,YEAR,WPR,Western Pacific,,2012,,,,,,,,10.1,10.11694355,,,"HFSRB, CO, CHD-RLEDS",2025-09-30T15:06:45.29+02:00,2012,2012-01-01T00:00:00+01:00,2012-12-31T00:00:00+01:00
1887680,WHS6_102,COUNTRY,IDN,YEAR,WPR,Western Pacific,,2020,,,,,,,,13.8,13.81104325,,,"Indonesia Health Profile, Ministry of Health",2025-09-30T15:06:45.29+02:00,2020,2020-01-01T00:00:00+01:00,2020-12-31T00:00:00+01:00
2102943,WHS6_102,COUNTRY,PHL,YEAR,WPR,Western Pacific,,2019,,,,,,,,9.8,9.775128191,,,"HFSRB, CO, CHD-RLEDS",2025-09-30T15:06:45.29+02:00,2019,2019-01-01T00:00:00+01:00,2019-12-31T00:00:00+01:00
1627882,WHS6_102,COUNTRY,RWA,YEAR,AFR,Africa,,2013,,,,,,,,7.7,7.678480962,,,"Statistical Yearbook, National Institute of Statistics of Rwanda",2025-09-30T15:06:45.29+02:00,2013,2013-01-01T00:00:00+01:00,2013-12-31T00:00:00+01:00
10209076,WHS6_102,COUNTRY,RWA,YEAR,AFR,Africa,,2020,,,,,,,,7.4,7.435419384,,,"Statistical Yearbook, National Institute of Statistics of Rwanda",2025-09-30T15:06:45.29+02:00,2020,2020-01-01T00:00:00+01:00,2020-12-31T00:00:00+01:00
2966549,WHS6_102,COUNTRY,JPN,YEAR,WPR,Western Pacific,,2011,,,,,,,,133.7,133.683584049,,,"OECD Health Statistics Database, data extracted on 31 January 2025",2025-09-30T15:06:45.29+02:00,2011,2011-01-01T00:00:00+01:00,2011-12-31T00:00:00+01:00
2103029,WHS6_102,COUNTRY,SGP,YEAR,WPR,Western Pacific,,2012,,,,,,,,21.9,21.870858597,,,"SingStat Table builder, Statistics Singapore",2025-09-30T15:06:45.29+02:00,2012,2012-01-01T00:00:00+01:00,2012-12-31T00:00:00+01:00
2499068,WHS6_102,COUNTRY,THA,YEAR,SEAR,South-East Asia,,2014,,,,,,,,21.4,21.412387574,,,"Statistical yearbook, National Statistical Office",2025-09-30T15:06:45.29+02:00,2014,2014-01-01T00:00:00+01:00,2014-12-31T00:00:00+01:00
3390410,WHS6_102,COUNTRY,PHL,YEAR,WPR,Western Pacific,,2011,,,,,,,,10.4,10.373072329,,,"HFSRB, CO, CHD-RLEDS",2025-09-30T15:06:45.29+02:00,2011,2011-01-01T00:00:00+01:00,2011-12-31T00:00:00+01:00
5338415,WHS6_102,COUNTRY,IDN,YEAR,WPR,Western Pacific,,2019,,,,,,,,11.6,11.633334071,,,"Indonesia Health Profile, Ministry of Health",2025-09-30T15:06:45.29+02:00,2019,2019-01-01T00:00:00+01:00,2019-12-31T00:00:00+01:00
9322320,WHS6_102,COUNTRY,PAK,YEAR,EMR,Eastern Mediterranean,,2020,,,,,,,,6.3,6.260038622,,,"Pakistan statistical yearbook, MoH",2025-09-30T15:06:45.29+02:00,2020,2020-01-01T00:00:00+01:00,2020-12-31T00:00:00+01:00
6176073,WHS6_102,COUNTRY,GHA,YEAR,AFR,Africa,,2011,,,,,,,,6.8,6.834618818,,,"Statistical Yearbook, Ghana Statistical Service",2025-09-30T15:06:45.29+02:00,2011,2011-01-01T00:00:00+01:00,2011-12-31T00:00:00+01:00
5246733,WHS6_102,COUNTRY,POL,YEAR,EUR,Europe,,2022,,,,,,,,60.4,60.384150518,,,"OECD Health Statistics Database, data extracted on 31 January 2025",2025-09-30T15:06:45.29+02:00,2022,2022-01-01T00:00:00+01:00,2022-12-31T00:00:00+01:00
5395685,WHS6_102,COUNTRY,KOR,YEAR,WPR,Western Pacific,,2018,,,,,,,,124.3,124.294904732,,,"OECD Health Statistics Database, data extracted on 31 January 2025",2025-09-30T15:06:45.29+02:00,2018,2018-01-01T00:00:00+01:00,2018-12-31T00:00:00+01:00
7238045,WHS6_102,COUNTRY,TUR,YEAR,EUR,Europe,,2013,,,,,,,,26.4,26.442798416,,,"OECD Health Statistics Database, data extracted on 31 January 2025",2025-09-30T15:06:45.29+02:00,2013,2013-01-01T00:00:00+01:00,2013-12-31T00:00:00+01:00
5120150,WHS6_102,COUNTRY,CHN,YEAR,WPR,Western Pacific,,2018,,,,,,,,45.9,45.945446482,,,"OECD Health Statistics Database, data extracted on 31 January 2025",2025-09-30T15:06:45.29+02:00,2018,2018-01-01T00:00:00+01:00,2018-12-31T00:00:00+01:00
8395993,WHS6_102,COUNTRY,THA,YEAR,SEAR,South-East Asia,,2010,,,,,,,,19.6,19.554693386,,,"Statistical yearbook, National Statistical Office",2025-09-30T15:06:45.29+02:00,2010,2010-01-01T00:00:00+01:00,2010-12-31T00:00:00+01:00
4879534,WHS6_102,COUNTRY,IND,YEAR,SEAR,South-East Asia,,2019,,,,,,,,16.2,16.236161217,,,"National Health Profile, Central Bureau of Health Intelligence",2025-09-30T15:06:45.29+02:00,2019,2019-01-01T00:00:00+01:00,2019-12-31T00:00:00+01:00
2058906,WHS6_102,COUNTRY,RWA,YEAR,AFR,Africa,,2014,,,,,,,,7.1,7.057783369,,,"Statistical Yearbook, National Institute of Statistics of Rwanda",2025-09-30T15:06:45.29+02:00,2014,2014-01-01T00:00:00+01:00,2014-12-31T00:00:00+01:00
1932598,WHS6_102,COUNTRY,TUR,YEAR,EUR,Europe,,2016,,,,,,,,26.7,26.670598144,,,"OECD Health Statistics Database, data extracted on 31 January 2025",2025-09-30T15:06:45.29+02:00,2016,2016-01-01T00:00:00+01:00,2016-12-31T00:00:00+01:00
4132090,WHS6_102,COUNTRY,BRA,YEAR,AMR,Americas,,2013,,,,,,,,24.9,24.900405858,,,"OECD Health Statistics Database, data extracted on 31 January 2025",2025-09-30T15:06:45.29+02:00,2013,2013-01-01T00:00:00+01:00,2013-12-31T00:00:00+01:00
8029732,WHS6_102,COUNTRY,THA,YEAR,SEAR,South-East Asia,,2023,,,,,,,,23.9,23.8986295,,,Source: https://spd.moph.go.th/public-health-resources-report/,2025-09-30T15:06:45.29+02:00,2023,2023-01-01T00:00:00+01:00,2023-12-31T00:00:00+01:00
3416191,WHS6_102,COUNTRY,GHA,YEAR,AFR,Africa,,2012,,,,,,,,7.2,7.164212021,,,"Statistical Yearbook, Ghana Statistical Service",2025-09-30T15:06:45.29+02:00,2012,2012-01-01T00:00:00+01:00,2012-12-31T00:00:00+01:00
2790415,WHS6_102,COUNTRY,IND,YEAR,SEAR,South-East Asia,,2011,,,,,,,,17.9,17.881441287,,,"National Health Profile, Central Bureau of Health Intelligence",2025-09-30T15:06:45.29+02:00,2011,2011-01-01T00:00:00+01:00,2011-12-31T00:00:00+01:00
5050523,WHS6_102,COUNTRY,JPN,YEAR,WPR,Western Pacific,,2015,,,,,,,,131.5,131.493425513,,,"OECD Health Statistics Database, data extracted on 31 January 2025",2025-09-30T15:06:45.29+02:00,2015,2015-01-01T00:00:00+01:00,2015-12-31T00:00:00+01:00
4297077,WHS6_102,COUNTRY,CHN,YEAR,WPR,Western Pacific,,2014,,,,,,,,35.7,35.744752701,,,"OECD Health Statistics Database, data extracted on 31 January 2025",2025-09-30T15:06:45.29+02:00,2014,2014-01-01T00:00:00+01:00,2014-12-31T00:00:00+01:00
6107288,WHS6_102,COUNTRY,PAK,YEAR,EMR,Eastern Mediterranean,,2015,,,,,,,,4.6,4.635491268,,,"Pakistan statistical yearbook, MoH",2025-09-30T15:06:45.29+02:00,2015,2015-01-01T00:00:00+01:00,2015-12-31T00:00:00+01:00
66639,WHS6_102,COUNTRY,EGY,YEAR,EMR,Eastern Mediterranean,,2013,,,,,,,,13.7,13.731052565,,,"Egypt in figures, MoH",2025-09-30T15:06:45.29+02:00,2013,2013-01-01T00:00:00+01:00,2013-12-31T00:00:00+01:00
9033202,WHS6_102,COUNTRY,IDN,YEAR,WPR,Western Pacific,,2010,,,,,,,,5.6,5.565044072,,,"OECD Health Statistics Database, data extracted on 31 January 2025",2025-09-30T15:06:45.29+02:00,2010,2010-01-01T00:00:00+01:00,2010-12-31T00:00:00+01:00
1216992,WHS6_102,COUNTRY,AFG,YEAR,EMR,Eastern Mediterranean,,2015,,,,,,,,4.4,4.431929186,,,"Afghanistan Statistical Yearbook, National Statistic and Information Authority",2025-09-30T15:06:45.29+02:00,2015,2015-01-01T00:00:00+01:00,2015-12-31T00:00:00+01:00
2929510,WHS6_102,COUNTRY,KOR,YEAR,WPR,Western Pacific,,2021,,,,,,,,127.5,127.474519417,,,"OECD Health Statistics Database, data extracted on 31 January 2025",2025-09-30T15:06:45.29+02:00,2021,2021-01-01T00:00:00+01:00,2021-12-31T00:00:00+01:00
1350103,WHS6_102,COUNTRY,IDN,YEAR,WPR,Western Pacific,,2017,,,,,,,,10.2,10.170390872,,,"OECD Health Statistics Database, data extracted on 31 January 2025",2025-09-30T15:06:45.29+02:00,2017,2017-01-01T00:00:00+01:00,2017-12-31T00:00:00+01:00
8982526,WHS6_102,COUNTRY,TUR,YEAR,EUR,Europe,,2014,,,,,,,,26.5,26.50515042,,,"OECD Health Statistics Database, data extracted on 31 January 2025",2025-09-30T15:06:45.29+02:00,2014,2014-01-01T00:00:00+01:00,2014-12-31T00:00:00+01:00
6815399,WHS6_102,COUNTRY,SGP,YEAR,WPR,Western Pacific,,2023,,,,,,,,28.1,28.118399224,,,"SingStat Table builder, Statistics Singapore",2025-09-30T15:06:45.29+02:00,2023,2023-01-01T00:00:00+01:00,2023-12-31T00:00:00+01:00
1153483,WHS6_102,COUNTRY,EGY,YEAR,EMR,Eastern Mediterranean,,2014,,,,,,,,13.4,13.421696286,,,"Egypt in figures, MoH",2025-09-30T15:06:45.29+02:00,2014,2014-01-01T00:00:00+01:00,2014-12-31T00:00:00+01:00
9179357,WHS6_102,COUNTRY,THA,YEAR,SEAR,South-East Asia,,2011,,,,,,,,20.9,20.879266333,,,"Statistical yearbook, National Statistical Office",2025-09-30T15:06:45.29+02:00,2011,2011-01-01T00:00:00+01:00,2011-12-31T00:00:00+01:00
3549281,WHS6_102,COUNTRY,JPN,YEAR,WPR,Western Pacific,,2018,,,,,,,,129.3,129.332801758,,,"OECD Health Statistics Database, data extracted on 31 January 2025",2025-09-30T15:06:45.29+02:00,2018,2018-01-01T00:00:00+01:00,2018-12-31T00:00:00+01:00
4778532,WHS6_102,COUNTRY,SGP,YEAR,WPR,Western Pacific,,2016,,,,,,,,25.0,24.975183477,,,"SingStat Table builder, Statistics Singapore",2025-09-30T15:06:45.29+02:00,2016,2016-01-01T00:00:00+01:00,2016-12-31T00:00:00+01:00
5307367,WHS6_102,COUNTRY,TUR,YEAR,EUR,Europe,,2017,,,,,,,,27.2,27.185005843,,,"OECD Health Statistics Database, data extracted on 31 January 2025",2025-09-30T15:06:45.29+02:00,2017,2017-01-01T00:00:00+01:00,2017-12-31T00:00:00+01:00
4037187,WHS6_102,COUNTRY,KOR,YEAR,WPR,Western Pacific,,2012,,,,,,,,103.8,103.768419007,,,"OECD Health Statistics Database, data extracted on 31 January 2025",2025-09-30T15:06:45.29+02:00,2012,2012-01-01T00:00:00+01:00,2012-12-31T00:00:00+01:00
5615195,WHS6_102,COUNTRY,CHL,YEAR,AMR,Americas,,2011,,,,,,,,22.1,22.068010991,,,"OECD Health Statistics Database, data extracted on 31 January 2025",2025-09-30T15:06:45.29+02:00,2011,2011-01-01T00:00:00+01:00,2011-12-31T00:00:00+01:00
4196034,WHS6_102,COUNTRY,CHL,YEAR,AMR,Americas,,2018,,,,,,,,20.5,20.468222702,,,"OECD Health Statistics Database, data extracted on 31 January 2025",2025-09-30T15:06:45.29+02:00,2018,2018-01-01T00:00:00+01:00,2018-12-31T00:00:00+01:00
9071610,WHS6_102,COUNTRY,CHL,YEAR,AMR,Americas,,2015,,,,,,,,21.3,21.330224523,,,"OECD Health Statistics Database, data extracted on 31 January 2025",2025-09-30T15:06:45.29+02:00,2015,2015-01-01T00:00:00+01:00,2015-12-31T00:00:00+01:00
3859911,WHS6_102,COUNTRY,BGD,YEAR,SEAR,South-East Asia,,2022,,,,,,,,10.1,10.132839947,,,Health Bulletin 2021,2025-09-30T15:06:45.29+02:00,2022,2022-01-01T00:00:00+01:00,2022-12-31T00:00:00+01:00
6037785,WHS6_102,COUNTRY,THA,YEAR,SEAR,South-East Asia,,2013,,,,,,,,21.7,21.666225333,,,"Statistical yearbook, National Statistical Office",2025-09-30T15:06:45.29+02:00,2013,2013-01-01T00:00:00+01:00,2013-12-31T00:00:00+01:00
9517344,WHS6_102,COUNTRY,IDN,YEAR,WPR,Western Pacific,,2014,,,,,,,,9.1,9.139847771,,,"OECD Health Statistics Database, data extracted on 31 January 2025",2025-09-30T15:06:45.29+02:00,2014,2014-01-01T00:00:00+01:00,2014-12-31T00:00:00+01:00
3802907,WHS6_102,COUNTRY,JPN,YEAR,WPR,Western Pacific,,2021,,,,,,,,126.0,126.013151788,,,"OECD Health Statistics Database, data extracted on 31 January 2025",2025-09-30T15:06:45.29+02:00,2021,2021-01-01T00:00:00+01:00,2021-12-31T00:00:00+01:00
9323109,WHS6_102,COUNTRY,CHL,YEAR,AMR,Americas,,2013,,,,,,,,21.6,21.581377698,,,"OECD Health Statistics Database, data extracted on 31 January 2025",2025-09-30T15:06:45.29+02:00,2013,2013-01-01T00:00:00+01:00,2013-12-31T00:00:00+01:00
7619072,WHS6_102,COUNTRY,AFG,YEAR,EMR,Eastern Mediterranean,,2018,,,,,,,,4.0,4.002662817,,,"Afghanistan Statistical Yearbook, National Statistic and Information Authority",2025-09-30T15:06:45.29+02:00,2018,2018-01-01T00:00:00+01:00,2018-12-31T00:00:00+01:00
6708312,WHS6_102,COUNTRY,PAK,YEAR,EMR,Eastern Mediterranean,,2016,,,,,,,,4.9,4.855571549,,,"Pakistan statistical yearbook, MoH",2025-09-30T15:06:45.29+02:00,2016,2016-01-01T00:00:00+01:00,2016-12-31T00:00:00+01:00
8479110,WHS6_102,COUNTRY,MDG,YEAR,AFR,Africa,,2013,,,,,,,,3.2,3.233608155,,,"Annuaire des statistiques du secteur santé, MoH",2025-09-30T15:06:45.29+02:00,2013,2013-01-01T00:00:00+01:00,2013-12-31T00:00:00+01:00
906565,WHS6_102,COUNTRY,AFG,YEAR,EMR,Eastern Mediterranean,,2019,,,,,,,,3.8,3.833197301,,,"Afghanistan Statistical Yearbook, National Statistic and Information Authority",2025-09-30T15:06:45.29+02:00,2019,2019-01-01T00:00:00+01:00,2019-12-31T00:00:00+01:00
5797772,WHS6_102,COUNTRY,IND,YEAR,SEAR,South-East Asia,,2020,,,,,,,,16.1,16.078878857,,,"National Health Profile, Central Bureau of Health Intelligence",2025-09-30T15:06:45.29+02:00,2020,2020-01-01T00:00:00+01:00,2020-12-31T00:00:00+01:00
3885548,WHS6_102,COUNTRY,RWA,YEAR,AFR,Africa,,2017,,,,,,,,7.2,7.174197279,,,"Statistical Yearbook, National Institute of Statistics of Rwanda",2025-09-30T15:06:45.29+02:00,2017,2017-01-01T00:00:00+01:00,2017-12-31T00:00:00+01:00
2702196,WHS6_102,COUNTRY,COL,YEAR,AMR,Americas,,2013,,,,,,,,15.8,15.799024363,,,"OECD Health Statistics Database, data extracted on 31 January 2025",2025-09-30T15:06:45.29+02:00,2013,2013-01-01T00:00:00+01:00,2013-12-31T00:00:00+01:00
4424602,WHS6_102,COUNTRY,TUR,YEAR,EUR,Europe,,2012,,,,,,,,26.6,26.606311225,,,"OECD Health Statistics Database, data extracted on 31 January 2025",2025-09-30T15:06:45.29+02:00,2012,2012-01-01T00:00:00+01:00,2012-12-31T00:00:00+01:00
4329509,WHS6_102,COUNTRY,RWA,YEAR,AFR,Africa,,2012,,,,,,,,7.1,7.074854957,,,"Statistical Yearbook, National Institute of Statistics of Rwanda",2025-09-30T15:06:45.29+02:00,2012,2012-01-01T00:00:00+01:00,2012-12-31T00:00:00+01:00
8270359,WHS6_102,COUNTRY,EGY,YEAR,EMR,Eastern Mediterranean,,2020,,,,,,,,11.1,11.125359521,,,"Egypt in figures, MoH",2025-09-30T15:06:45.29+02:00,2020,2020-01-01T00:00:00+01:00,2020-12-31T00:00:00+01:00
422098,WHS6_102,COUNTRY,MEX,YEAR,AMR,Americas,,2014,,,,,,,,10.1,10.141148339,,,"OECD Health Statistics Database, data extracted on 31 January 2025",2025-09-30T15:06:45.29+02:00,2014,2014-01-01T00:00:00+01:00,2014-12-31T00:00:00+01:00
6253064,WHS6_102,COUNTRY,CHN,YEAR,WPR,Western Pacific,,2020,,,,,,,,50.0,50.004694777,,,"OECD Health Statistics Database, data extracted on 31 January 2025",2025-09-30T15:06:45.29+02:00,2020,2020-01-01T00:00:00+01:00,2020-12-31T00:00:00+01:00
7657268,WHS6_102,COUNTRY,SGP,YEAR,WPR,Western Pacific,,2013,,,,,,,,21.9,21.912180822,,,"SingStat Table builder, Statistics Singapore",2025-09-30T15:06:45.29+02:00,2013,2013-01-01T00:00:00+01:00,2013-12-31T00:00:00+01:00
6847806,WHS6_102,COUNTRY,BGD,YEAR,SEAR,South-East Asia,,2012,,,,,,,,6.1,6.132903329,,,"Health Bulletin, MoH",2025-09-30T15:06:45.29+02:00,2012,2012-01-01T00:00:00+01:00,2012-12-31T00:00:00+01:00
4177557,WHS6_102,COUNTRY,CHL,YEAR,AMR,Americas,,2020,,,,,,,,20.2,20.195014905,,,"OECD Health Statistics Database, data extracted on 31 January 2025",2025-09-30T15:06:45.29+02:00,2020,2020-01-01T00:00:00+01:00,2020-12-31T00:00:00+01:00
2753380,WHS6_102,COUNTRY,CHL,YEAR,AMR,Americas,,2019,,,,,,,,20.2,20.204453147,,,"OECD Health Statistics Database, data extracted on 31 January 2025",2025-09-30T15:06:45.29+02:00,2019,2019-01-01T00:00:00+01:00,2019-12-31T00:00:00+01:00
3930323,WHS6_102,COUNTRY,JPN,YEAR,WPR,Western Pacific,,2014,,,,,,,,131.8,131.827579276,,,"OECD Health Statistics Database, data extracted on 31 January 2025",2025-09-30T15:06:45.29+02:00,2014,2014-01-01T00:00:00+01:00,2014-12-31T00:00:00+01:00
663186,WHS6_102,COUNTRY,RWA,YEAR,AFR,Africa,,2016,,,,,,,,7.3,7.261403739,,,"Statistical Yearbook, National Institute of Statistics of Rwanda",2025-09-30T15:06:45.29+02:00,2016,2016-01-01T00:00:00+01:00,2016-12-31T00:00:00+01:00
7758526,WHS6_102,COUNTRY,BRA,YEAR,AMR,Americas,,2012,,,,,,,,25.1,25.120264081,,,"OECD Health Statistics Database, data extracted on 31 January 2025",2025-09-30T15:06:45.29+02:00,2012,2012-01-01T00:00:00+01:00,2012-12-31T00:00:00+01:00
1306657,WHS6_102,COUNTRY,GHA,YEAR,AFR,Africa,,2014,,,,,,,,7.1,7.099097401,,,"Statistical Yearbook, Ghana Statistical Service",2025-09-30T15:06:45.29+02:00,2014,2014-01-01T00:00:00+01:00,2014-12-31T00:00:00+01:00
2053780,WHS6_102,COUNTRY,COL,YEAR,AMR,Americas,,2018,,,,,,,,17.3,17.342566302,,,"OECD Health Statistics Database, data extracted on 31 January 2025",2025-09-30T15:06:45.29+02:00,2018,2018-01-01T00:00:00+01:00,2018-12-31T00:00:00+01:00
7252092,WHS6_102,COUNTRY,JPN,YEAR,WPR,Western Pacific,,2016,,,,,,,,130.9,130.894672418,,,"OECD Health Statistics Database, data extracted on 31 January 2025",2025-09-30T15:06:45.29+02:00,2016,2016-01-01T00:00:00+01:00,2016-12-31T00:00:00+01:00
2734485,WHS6_102,COUNTRY,IDN,YEAR,WPR,Western Pacific,,2012,,,,,,,,8.1,8.06367977,,,"OECD Health Statistics Database, data extracted on 31 January 2025",2025-09-30T15:06:45.29+02:00,2012,2012-01-01T00:00:00+01:00,2012-12-31T00:00:00+01:00
3164024,WHS6_102,COUNTRY,MEX,YEAR,AMR,Americas,,2017,,,,,,,,9.9,9.864501356,,,"OECD Health Statistics Database, data extracted on 31 January 2025",2025-09-30T15:06:45.29+02:00,2017,2017-01-01T00:00:00+01:00,2017-12-31T00:00:00+01:00
9180338,WHS6_102,COUNTRY,COL,YEAR,AMR,Americas,,2017,,,,,,,,17.4,17.408503396,,,"OECD Health Statistics Database, data extracted on 31 January 2025",2025-09-30T15:06:45.29+02:00,2017,2017-01-01T00:00:00+01:00,2017-12-31T00:00:00+01:00
1420856,WHS6_102,COUNTRY,EGY,YEAR,EMR,Eastern Mediterranean,,2011,,,,,,,,14.0,14.01994716,,,"Egypt in figures, MoH",2025-09-30T15:06:45.29+02:00,2011,2011-01-01T00:00:00+01:00,2011-12-31T00:00:00+01:00
9155036,WHS6_102,COUNTRY,IDN,YEAR,WPR,Western Pacific,,2023,,,,,,,,13.7,13.68533391,,,"Indonesia Health Profile, Ministry of Health",2025-09-30T15:06:45.29+02:00,2023,2023-01-01T00:00:00+01:00,2023-12-31T00:00:00+01:00
3708570,WHS6_102,COUNTRY,EGY,YEAR,EMR,Eastern Mediterranean,,2010,,,,,,,,14.0,14.027859724,,,"Egypt in figures, MoH",2025-09-30T15:06:45.29+02:00,2010,2010-01-01T00:00:00+01:00,2010-12-31T00:00:00+01:00
397437,WHS6_102,COUNTRY,COL,YEAR,AMR,Americas,,2015,,,,,,,,16.5,16.530360334,,,"OECD Health Statistics Database, data extracted on 31 January 2025",2025-09-30T15:06:45.29+02:00,2015,2015-01-01T00:00:00+01:00,2015-12-31T00:00:00+01:00
8839378,WHS6_102,COUNTRY,MEX,YEAR,AMR,Americas,,2011,,,,,,,,10.3,10.332990222,,,"OECD Health Statistics Database, data extracted on 31 January 2025",2025-09-30T15:06:45.29+02:00,2011,2011-01-01T00:00:00+01:00,2011-12-31T00:00:00+01:00
8907459,WHS6_102,COUNTRY,RWA,YEAR,AFR,Africa,,2010,,,,,,,,7.4,7.388374771,,,"Statistical Yearbook, National Institute of Statistics of Rwanda",2025-09-30T15:06:45.29+02:00,2010,2010-01-01T00:00:00+01:00,2010-12-31T00:00:00+01:00
8921115,WHS6_102,COUNTRY,BRA,YEAR,AMR,Americas,,2020,,,,,,,,24.9,24.868105945,,,"OECD Health Statistics Database, data extracted on 31 January 2025",2025-09-30T15:06:45.29+02:00,2020,2020-01-01T00:00:00+01:00,2020-12-31T00:00:00+01:00
8953968,WHS6_102,COUNTRY,MDG,YEAR,AFR,Africa,,2010,,,,,,,,3.3,3.291658971,,,"Annuaire des statistiques du secteur santé, MoH",2025-09-30T15:06:45.29+02:00,2010,2010-01-01T00:00:00+01:00,2010-12-31T00:00:00+01:00
9041533,WHS6_102,COUNTRY,IND,YEAR,SEAR,South-East Asia,,2016,,,,,,,,16.8,16.780844303,,,"National Health Profile, Central Bureau of Health Intelligence",2025-09-30T15:06:45.29+02:00,2016,2016-01-01T00:00:00+01:00,2016-12-31T00:00:00+01:00
9048227,WHS6_102,COUNTRY,MEX,YEAR,AMR,Americas,,2015,,,,,,,,10.0,9.97213979,,,"OECD Health Statistics Database, data extracted on 31 January 2025",2025-09-30T15:06:45.29+02:00,2015,2015-01-01T00:00:00+01:00,2015-12-31T00:00:00+01:00
9055887,WHS6_102,COUNTRY,TUR,YEAR,EUR,Europe,,2023,,,,,,,,30.5,30.548007727,,,Provided by MoH during 2025 SDG 3.8.1 country consultation,2025-09-30T15:06:45.29+02:00,2023,2023-01-01T00:00:00+01:00,2023-12-31T00:00:00+01:00
9093381,WHS6_102,COUNTRY,PHL,YEAR,WPR,Western Pacific,,2020,,,,,,,,9.9,9.862843098,,,"HFSRB, CO, CHD-RLEDS",2025-09-30T15:06:45.29+02:00,2020,2020-01-01T00:00:00+01:00,2020-12-31T00:00:00+01:00
9098245,WHS6_102,COUNTRY,THA,YEAR,SEAR,South-East Asia,,2015,,,,,,,,21.3,21.281729035,,,"Statistical yearbook, National Statistical Office",2025-09-30T15:06:45.29+02:00,2015,2015-01-01T00:00:00+01:00,2015-12-31T00:00:00+01:00
9275008,WHS6_102,COUNTRY,MDG,YEAR,AFR,Africa,,2014,,,,,,,,3.2,3.171089805,,,"Annuaire des statistiques du secteur santé, MoH",2025-09-30T15:06:45.29+02:00,2014,2014-01-01T00:00:00+01:00,2014-12-31T00:00:00+01:00
9376758,WHS6_102,COUNTRY,POL,YEAR,EUR,Europe,,2020,,,,,,,,61.5,61.464716478,,,"OECD Health Statistics Database, data extracted on 31 January 2025",2025-09-30T15:06:45.29+02:00,2020,2020-01-01T00:00:00+01:00,2020-12-31T00:00:00+01:00
9544630,WHS6_102,COUNTRY,BRA,YEAR,AMR,Americas,,2014,,,,,,,,24.8,24.802093237,,,"OECD Health Statistics Database, data extracted on 31 January 2025",2025-09-30T15:06:45.29+02:00,2014,2014-01-01T00:00:00+01:00,2014-12-31T00:00:00+01:00
9707892,WHS6_102,COUNTRY,SGP,YEAR,WPR,Western Pacific,,2017,,,,,,,,24.9,24.897895965,,,"SingStat Table builder, Statistics Singapore",2025-09-30T15:06:45.29+02:00,2017,2017-01-01T00:00:00+01:00,2017-12-31T00:00:00+01:00
1119,WHS6_102,COUNTRY,SGP,YEAR,WPR,Western Pacific,,2018,,,,,,,,25.8,25.830763243,,,"SingStat Table builder, Statistics Singapore",2025-09-30T15:06:45.29+02:00,2018,2018-01-01T00:00:00+01:00,2018-12-31T00:00:00+01:00
38732,WHS6_102,COUNTRY,POL,YEAR,EUR,Europe,,2011,,,,,,,,66.0,66.027205781,,,"OECD Health Statistics Database, data extracted on 31 January 2025",2025-09-30T15:06:45.29+02:00,2011,2011-01-01T00:00:00+01:00,2011-12-31T00:00:00+01:00
81560,WHS6_102,COUNTRY,CHL,YEAR,AMR,Americas,,2010,,,,,,,,20.3,20.271264428,,,"OECD Health Statistics Database, data extracted on 31 January 2025",2025-09-30T15:06:45.29+02:00,2010,2010-01-01T00:00:00+01:00,2010-12-31T00:00:00+01:00
266037,WHS6_102,COUNTRY,TUR,YEAR,EUR,Europe,,2020,,,,,,,,29.2,29.176102488,,,"OECD Health Statistics Database, data extracted on 31 January 2025",2025-09-30T15:06:45.29+02:00,2020,2020-01-01T00:00:00+01:00,2020-12-31T00:00:00+01:00
266215,WHS6_102,COUNTRY,SGP,YEAR,WPR,Western Pacific,,2011,,,,,,,,21.4,21.446316093,,,"SingStat Table builder, Statistics Singapore",2025-09-30T15:06:45.29+02:00,2011,2011-01-01T00:00:00+01:00,2011-12-31T00:00:00+01:00
569943,WHS6_102,COUNTRY,JPN,YEAR,WPR,Western Pacific,,2010,,,,,,,,135.0,134.977674073,,,"OECD Health Statistics Database, data extracted on 31 January 2025",2025-09-30T15:06:45.29+02:00,2010,2010-01-01T00:00:00+01:00,2010-12-31T00:00:00+01:00
588361,WHS6_102,COUNTRY,COL,YEAR,AMR,Americas,,2014,,,,,,,,16.3,16.289983045,,,"OECD Health Statistics Database, data extracted on 31 January 2025",2025-09-30T15:06:45.29+02:00,2014,2014-01-01T00:00:00+01:00,2014-12-31T00:00:00+01:00
619764,WHS6_102,COUNTRY,TUR,YEAR,EUR,Europe,,2011,,,,,,,,26.2,26.208107253,,,"OECD Health Statistics Database, data extracted on 31 January 2025",2025-09-30T15:06:45.29+02:00,2011,2011-01-01T00:00:00+01:00,2011-12-31T00:00:00+01:00
907749,WHS6_102,COUNTRY,BRA,YEAR,AMR,Americas,,2011,,,,,,,,25.5,25.479769192,,,"OECD Health Statistics Database, data extracted on 31 January 2025",2025-09-30T15:06:45.29+02:00,2011,2011-01-01T00:00:00+01:00,2011-12-31T00:00:00+01:00
915034,WHS6_102,COUNTRY,CHL,YEAR,AMR,Americas,,2017,,,,,,,,20.9,20.935005303,,,"OECD Health Statistics Database, data extracted on 31 January 2025",2025-09-30T15:06:45.29+02:00,2017,2017-01-01T00:00:00+01:00,2017-12-31T00:00:00+01:00
1004728,WHS6_102,COUNTRY,TUR,YEAR,EUR,Europe,,2021,,,,,,,,29.4,29.358402898,,,"OECD Health Statistics Database, data extracted on 31 January 2025",2025-09-30T15:06:45.29+02:00,2021,2021-01-01T00:00:00+01:00,2021-12-31T00:00:00+01:00
1030204,WHS6_102,COUNTRY,EGY,YEAR,EMR,Eastern Mediterranean,,2012,,,,,,,,13.8,13.790427177,,,"Egypt in figures, MoH",2025-09-30T15:06:45.29+02:00,2012,2012-01-01T00:00:00+01:00,2012-12-31T00:00:00+01:00
1066697,WHS6_102,COUNTRY,EGY,YEAR,EMR,Eastern Mediterranean,,2016,,,,,,,,12.5,12.454672205,,,"Egypt in figures, MoH",2025-09-30T15:06:45.29+02:00,2016,2016-01-01T00:00:00+01:00,2016-12-31T00:00:00+01:00
1125633,WHS6_102,COUNTRY,THA,YEAR,SEAR,South-East Asia,,2018,,,,,,,,21.0,20.96514628,,,"Statistical yearbook, National Statistical Office",2025-09-30T15:06:45.29+02:00,2018,2018-01-01T00:00:00+01:00,2018-12-31T00:00:00+01:00
1148815,WHS6_102,COUNTRY,RWA,YEAR,AFR,Africa,,2018,,,,,,,,7.3,7.273381865,,,"Statistical Yearbook, National Institute of Statistics of Rwanda",2025-09-30T15:06:45.29+02:00,2018,2018-01-01T00:00:00+01:00,2018-12-31T00:00:00+01:00
1333984,WHS6_102,COUNTRY,IDN,YEAR,WPR,Western Pacific,,2021,,,,,,,,13.4,13.412256323,,,"Indonesia Health Profile, Ministry of Health",2025-09-30T15:06:45.29+02:00,2021,2021-01-01T00:00:00+01:00,2021-12-31T00:00:00+01:00
1359692,WHS6_102,COUNTRY,EGY,YEAR,EMR,Eastern Mediterranean,,2019,,,,,,,,11.9,11.933075589,,,"Egypt in figures, MoH",2025-09-30T15:06:45.29+02:00,2019,2019-01-01T00:00:00+01:00,2019-12-31T00:00:00+01:00
1377982,WHS6_102,COUNTRY,AFG,YEAR,EMR,Eastern Mediterranean,,2013,,,,,,,,4.6,4.596064177,,,"Afghanistan Statistical Yearbook, National Statistic and Information Authority",2025-09-30T15:06:45.29+02:00,2013,2013-01-01T00:00:00+01:00,2013-12-31T00:00:00+01:00
1511401,WHS6_102,COUNTRY,PHL,YEAR,WPR,Western Pacific,,2010,,,,,,,,10.2,10.18807619,,,"HFSRB, CO, CHD-RLEDS",2025-09-30T15:06:45.29+02:00,2010,2010-01-01T00:00:00+01:00,2010-12-31T00:00:00+01:00
1529616,WHS6_102,COUNTRY,IND,YEAR,SEAR,South-East Asia,,2018,,,,,,,,16.4,16.405900591,,,"National Health Profile, Central Bureau of Health Intelligence",2025-09-30T15:06:45.29+02:00,2018,2018-01-01T00:00:00+01:00,2018-12-31T00:00:00+01:00
1574293,WHS6_102,COUNTRY,JPN,YEAR,WPR,Western Pacific,,2022,,,,,,,,125.9,125.873870876,,,"OECD Health Statistics Database, data extracted on 31 January 2025",2025-09-30T15:06:45.29+02:00,2022,2022-01-01T00:00:00+01:00,2022-12-31T00:00:00+01:00
1586634,WHS6_102,COUNTRY,JPN,YEAR,WPR,Western Pacific,,2020,,,,,,,,126.2,126.169022733,,,"OECD Health Statistics Database, data extracted on 31 January 2025",2025-09-30T15:06:45.29+02:00,2020,2020-01-01T00:00:00+01:00,2020-12-31T00:00:00+01:00
1618640,WHS6_102,COUNTRY,BGD,YEAR,SEAR,South-East Asia,,2019,,,,,,,,8.9,8.865095342,,,"Health Bulletin, MoH",2025-09-30T15:06:45.29+02:00,2019,2019-01-01T00:00:00+01:00,2019-12-31T00:00:00+01:00
1674169,WHS6_102,COUNTRY,RWA,YEAR,AFR,Africa,,2022,,,,,,,,7.3,7.298351985,,,"Statistical Yearbook, National Institute of Statistics of Rwanda",2025-09-30T15:06:45.29+02:00,2022,2022-01-01T00:00:00+01:00,2022-12-31T00:00:00+01:00
1721242,WHS6_102,COUNTRY,RWA,YEAR,AFR,Africa,,2019,,,,,,,,7.3,7.26434287,,,"Statistical Yearbook, National Institute of Statistics of Rwanda",2025-09-30T15:06:45.29+02:00,2019,2019-01-01T00:00:00+01:00,2019-12-31T00:00:00+01:00
1826551,WHS6_102,COUNTRY,COL,YEAR,AMR,Americas,,2011,,,,,,,,14.9,14.88810753,,,"OECD Health Statistics Database, data extracted on 31 January 2025",2025-09-30T15:06:45.29+02:00,2011,2011-01-01T00:00:00+01:00,2011-12-31T00:00:00+01:00
2098875,WHS6_102,COUNTRY,CHN,YEAR,WPR,Western Pacific,,2022,,,,,,,,53.8,53.768165072,,,Provided by MoH during 2025 SDG 3.8.1 country consultation,2025-09-30T15:06:45.29+02:00,2022,2022-01-01T00:00:00+01:00,2022-12-31T00:00:00+01:00
2141854,WHS6_102,COUNTRY,AFG,YEAR,EMR,Eastern Mediterranean,,2012,,,,,,,,4.6,4.638737991,,,"Afghanistan Statistical Yearbook, National Statistic and Information Authority",2025-09-30T15:06:45.29+02:00,2012,2012-01-01T00:00:00+01:00,2012-12-31T00:00:00+01:00
2148592,WHS6_102,COUNTRY,AFG,YEAR,EMR,Eastern Mediterranean,,2017,,,,,,,,4.2,4.237166677,,,"Afghanistan Statistical Yearbook, National Statistic and Information Authority",2025-09-30T15:06:45.29+02:00,2017,2017-01-01T00:00:00+01:00,2017-12-31T00:00:00+01:00
2153075,WHS6_102,COUNTRY,THA,YEAR,SEAR,South-East Asia,,2019,,,,,,,,22.1,22.094658216,,,"Statistical yearbook, National Statistical Office",2025-09-30T15:06:45.29+02:00,2019,2019-01-01T00:00:00+01:00,2019-12-31T00:00:00+01:00
2153633,WHS6_102,COUNTRY,MEX,YEAR,AMR,Americas,,2022,,,,,,,,10.1,10.143444468,,,"OECD Health Statistics Database, data extracted on 31 January 2025",2025-09-30T15:06:45.29+02:00,2022,2022-01-01T00:00:00+01:00,2022-12-31T00:00:00+01:00
2235304,WHS6_102,COUNTRY,EGY,YEAR,EMR,Eastern Mediterranean,,2017,,,,,,,,12.7,12.738382013,,,"Egypt in figures, MoH",2025-09-30T15:06:45.29+02:00,2017,2017-01-01T00:00:00+01:00,2017-12-31T00:00:00+01:00
2336741,WHS6_102,COUNTRY,PAK,YEAR,EMR,Eastern Mediterranean,,2011,,,,,,,,4.3,4.314439047,,,"Pakistan statistical yearbook, MoH",2025-09-30T15:06:45.29+02:00,2011,2011-01-01T00:00:00+01:00,2011-12-31T00:00:00+01:00
2356214,WHS6_102,COUNTRY,KOR,YEAR,WPR,Western Pacific,,2010,,,,,,,,88.8,88.759882492,,,"OECD Health Statistics Database, data extracted on 31 January 2025",2025-09-30T15:06:45.29+02:00,2010,2010-01-01T00:00:00+01:00,2010-12-31T00:00:00+01:00
2509853,WHS6_102,COUNTRY,IND,YEAR,SEAR,South-East Asia,,2021,,,,,,,,15.9,15.947148815,,,"National Health Profile, Central Bureau of Health Intelligence",2025-09-30T15:06:45.29+02:00,2021,2021-01-01T00:00:00+01:00,2021-12-31T00:00:00+01:00
2546810,WHS6_102,COUNTRY,CHL,YEAR,AMR,Americas,,2022,,,,,,,,19.5,19.53916617,,,"OECD Health Statistics Database, data extracted on 31 January 2025",2025-09-30T15:06:45.29+02:00,2022,2022-01-01T00:00:00+01:00,2022-12-31T00:00:00+01:00
2648576,WHS6_102,COUNTRY,KOR,YEAR,WPR,Western Pacific,,2015,,,,,,,,116.2,116.166455577,,,"OECD Health Statistics Database, data extracted on 31 January 2025",2025-09-30T15:06:45.29+02:00,2015,2015-01-01T00:00:00+01:00,2015-12-31T00:00:00+01:00
2692888,WHS6_102,COUNTRY,AFG,YEAR,EMR,Eastern Mediterranean,,2023,,,,,,,,3.5,3.525529744,,,"Afghanistan Statistical Yearbook, National Statistic and Information Authority",2025-09-30T15:06:45.29+02:00,2023,2023-01-01T00:00:00+01:00,2023-12-31T00:00:00+01:00
2728426,WHS6_102,COUNTRY,MEX,YEAR,AMR,Americas,,2013,,,,,,,,10.2,10.200722941,,,"OECD Health Statistics Database, data extracted on 31 January 2025",2025-09-30T15:06:45.29+02:00,2013,2013-01-01T00:00:00+01:00,2013-12-31T00:00:00+01:00
2830795,WHS6_102,COUNTRY,COL,YEAR,AMR,Americas,,2016,,,,,,,,17.2,17.216753812,,,"OECD Health Statistics Database, data extracted on 31 January 2025",2025-09-30T15:06:45.29+02:00,2016,2016-01-01T00:00:00+01:00,2016-12-31T00:00:00+01:00
2944332,WHS6_102,COUNTRY,POL,YEAR,EUR,Europe,,2010,,,,,,,,66.0,66.006993976,,,"OECD Health Statistics Database, data extracted on 31 January 2025",2025-09-30T15:06:45.29+02:00,2010,2010-01-01T00:00:00+01:00,2010-12-31T00:00:00+01:00
2988561,WHS6_102,COUNTRY,IDN,YEAR,WPR,Western Pacific,,2022,,,,,,,,14.0,14.0,,,"Indonesia Health Profile, Ministry of Health",2025-09-30T15:06:45.29+02:00,2022,2022-01-01T00:00:00+01:00,2022-12-31T00:00:00+01:00
3044902,WHS6_102,COUNTRY,CHL,YEAR,AMR,Americas,,2014,,,,,,,,21.1,21.093032302,,,"OECD Health Statistics Database, data extracted on 31 January 2025",2025-09-30T15:06:45.29+02:00,2014,2014-01-01T00:00:00+01:00,2014-12-31T00:00:00+01:00
3146341,WHS6_102,COUNTRY,TUR,YEAR,EUR,Europe,,2010,,,,,,,,27.3,27.300317136,,,"OECD Health Statistics Database, data extracted on 31 January 2025",2025-09-30T15:06:45.29+02:00,2010,2010-01-01T00:00:00+01:00,2010-12-31T00:00:00+01:00
3240272,WHS6_102,COUNTRY,BGD,YEAR,SEAR,South-East Asia,,2017,,,,,,,,8.4,8.448563736,,,"Health Bulletin, MoH",2025-09-30T15:06:45.29+02:00,2017,2017-01-01T00:00:00+01:00,2017-12-31T00:00:00+01:00
3304494,WHS6_102,COUNTRY,RWA,YEAR,AFR,Africa,,2021,,,,,,,,7.4,7.404572071,,,"Statistical Yearbook, National Institute of Statistics of Rwanda",2025-09-30T15:06:45.29+02:00,2021,2021-01-01T00:00:00+01:00,2021-12-31T00:00:00+01:00
3304554,WHS6_102,COUNTRY,GHA,YEAR,AFR,Africa,,2013,,,,,,,,7.3,7.268991084,,,"Statistical Yearbook, Ghana Statistical Service",2025-09-30T15:06:45.29+02:00,2013,2013-01-01T00:00:00+01:00,2013-12-31T00:00:00+01:00
3355949,WHS6_102,COUNTRY,IND,YEAR,SEAR,South-East Asia,,2015,,,,,,,,17.0,16.982006056,,,"National Health Profile, Central Bureau of Health Intelligence",2025-09-30T15:06:45.29+02:00,2015,2015-01-01T00:00:00+01:00,2015-12-31T00:00:00+01:00
3418019,WHS6_102,COUNTRY,SGP,YEAR,WPR,Western Pacific,,2010,,,,,,,,21.9,21.865188634,,,"SingStat Table builder, Statistics Singapore",2025-09-30T15:06:45.29+02:00,2010,2010-01-01T00:00:00+01:00,2010-12-31T00:00:00+01:00
3438906,WHS6_102,COUNTRY,AFG,YEAR,EMR,Eastern Mediterranean,,2021,,,,,,,,3.6,3.635212648,,,"Afghanistan Statistical Yearbook, National Statistic and Information Authority",2025-09-30T15:06:45.29+02:00,2021,2021-01-01T00:00:00+01:00,2021-12-31T00:00:00+01:00
3525428,WHS6_102,COUNTRY,PAK,YEAR,EMR,Eastern Mediterranean,,2010,,,,,,,,4.2,4.247410356,,,"Pakistan statistical yearbook, MoH",2025-09-30T15:06:45.29+02:00,2010,2010-01-01T00:00:00+01:00,2010-12-31T00:00:00+01:00
3539003,WHS6_102,COUNTRY,PAK,YEAR,EMR,Eastern Mediterranean,,2018,,,,,,,,5.0,4.986143369,,,"Pakistan statistical yearbook, MoH",2025-09-30T15:06:45.29+02:00,2018,2018-01-01T00:00:00+01:00,2018-12-31T00:00:00+01:00
3628004,WHS6_102,COUNTRY,PHL,YEAR,WPR,Western Pacific,,2017,,,,,,,,9.8,9.782029165,,,"HFSRB, CO, CHD-RLEDS",2025-09-30T15:06:45.29+02:00,2017,2017-01-01T00:00:00+01:00,2017-12-31T00:00:00+01:00
3969826,WHS6_102,COUNTRY,MEX,YEAR,AMR,Americas,,2018,,,,,,,,9.8,9.792033576,,,"OECD Health Statistics Database, data extracted on 31 January 2025",2025-09-30T15:06:45.29+02:00,2018,2018-01-01T00:00:00+01:00,2018-12-31T00:00:00+01:00
4212334,WHS6_102,COUNTRY,SGP,YEAR,WPR,Western Pacific,,2022,,,,,,,,28.3,28.27312683,,,"SingStat Table builder, Statistics Singapore",2025-09-30T15:06:45.29+02:00,2022,2022-01-01T00:00:00+01:00,2022-12-31T00:00:00+01:00
4285673,WHS6_102,COUNTRY,IND,YEAR,SEAR,South-East Asia,,2014,,,,,,,,17.2,17.185789919,,,"National Health Profile, Central Bureau of Health Intelligence",2025-09-30T15:06:45.29+02:00,2014,2014-01-01T00:00:00+01:00,2014-12-31T00:00:00+01:00
4401533,WHS6_102,COUNTRY,KOR,YEAR,WPR,Western Pacific,,2020,,,,,,,,126.5,126.476515963,,,"OECD Health Statistics Database, data extracted on 31 January 2025",2025-09-30T15:06:45.29+02:00,2020,2020-01-01T00:00:00+01:00,2020-12-31T00:00:00+01:00
4484190,WHS6_102,COUNTRY,POL,YEAR,EUR,Europe,,2015,,,,,,,,65.9,65.861843918,,,"OECD Health Statistics Database, data extracted on 31 January 2025",2025-09-30T15:06:45.29+02:00,2015,2015-01-01T00:00:00+01:00,2015-12-31T00:00:00+01:00
4490685,WHS6_102,COUNTRY,SGP,YEAR,WPR,Western Pacific,,2015,,,,,,,,24.0,23.994890453,,,"SingStat Table builder, Statistics Singapore",2025-09-30T15:06:45.29+02:00,2015,2015-01-01T00:00:00+01:00,2015-12-31T00:00:00+01:00
4788426,WHS6_102,COUNTRY,AFG,YEAR,EMR,Eastern Mediterranean,,2022,,,,,,,,3.6,3.583394077,,,"Afghanistan Statistical Yearbook, National Statistic and Information Authority",2025-09-30T15:06:45.29+02:00,2022,2022-01-01T00:00:00+01:00,2022-12-31T00:00:00+01:00
4818285,WHS6_102,COUNTRY,PAK,YEAR,EMR,Eastern Mediterranean,,2017,,,,,,,,5.0,5.014332727,,,"Pakistan statistical yearbook, MoH",2025-09-30T15:06:45.29+02:00,2017,2017-01-01T00:00:00+01:00,2017-12-31T00:00:00+01:00
5148554,WHS6_102,COUNTRY,AFG,YEAR,EMR,Eastern Mediterranean,,2016,,,,,,,,4.5,4.496174045,,,"Afghanistan Statistical Yearbook, National Statistic and Information Authority",2025-09-30T15:06:45.29+02:00,2016,2016-01-01T00:00:00+01:00,2016-12-31T00:00:00+01:00
5212214,WHS6_102,COUNTRY,THA,YEAR,SEAR,South-East Asia,,2016,,,,,,,,20.0,19.968998518,,,"Statistical yearbook, National Statistical Office",2025-09-30T15:06:45.29+02:00,2016,2016-01-01T00:00:00+01:00,2016-12-31T00:00:00+01:00
5230358,WHS6_102,COUNTRY,CHN,YEAR,WPR,Western Pacific,,2021,,,,,,,,52.0,51.977049049,,,"OECD Health Statistics Database, data extracted on 31 January 2025",2025-09-30T15:06:45.29+02:00,2021,2021-01-01T00:00:00+01:00,2021-12-31T00:00:00+01:00
5304463,WHS6_102,COUNTRY,AFG,YEAR,EMR,Eastern Mediterranean,,2011,,,,,,,,4.5,4.459632455,,,"Afghanistan Statistical Yearbook, National Statistic and Information Authority",2025-09-30T15:06:45.29+02:00,2011,2011-01-01T00:00:00+01:00,2011-12-31T00:00:00+01:00
5346786,WHS6_102,COUNTRY,POL,YEAR,EUR,Europe,,2017,,,,,,,,65.8,65.752773941,,,"OECD Health Statistics Database, data extracted on 31 January 2025",2025-09-30T15:06:45.29+02:00,2017,2017-01-01T00:00:00+01:00,2017-12-31T00:00:00+01:00
5354128,WHS6_102,COUNTRY,BRA,YEAR,AMR,Americas,,2016,,,,,,,,23.6,23.593665187,,,"OECD Health Statistics Database, data extracted on 31 January 2025",2025-09-30T15:06:45.29+02:00,2016,2016-01-01T00:00:00+01:00,2016-12-31T00:00:00+01:00
5581488,WHS6_102,COUNTRY,CHN,YEAR,WPR,Western Pacific,,2013,,,,,,,,33.2,33.202126943,,,"OECD Health Statistics Database, data extracted on 31 January 2025",2025-09-30T15:06:45.29+02:00,2013,2013-01-01T00:00:00+01:00,2013-12-31T00:00:00+01:00
5599751,WHS6_102,COUNTRY,PAK,YEAR,EMR,Eastern Mediterranean,,2012,,,,,,,,4.5,4.483762067,,,"Pakistan statistical yearbook, MoH",2025-09-30T15:06:45.29+02:00,2012,2012-01-01T00:00:00+01:00,2012-12-31T00:00:00+01:00
5925235,WHS6_102,COUNTRY,IDN,YEAR,WPR,Western Pacific,,2011,,,,,,,,6.0,6.005771539,,,"OECD Health Statistics Database, data extracted on 31 January 2025",2025-09-30T15:06:45.29+02:00,2011,2011-01-01T00:00:00+01:00,2011-12-31T00:00:00+01:00
6028746,WHS6_102,COUNTRY,SGP,YEAR,WPR,Western Pacific,,2019,,,,,,,,26.9,26.910368032,,,"SingStat Table builder, Statistics Singapore",2025-09-30T15:06:45.29+02:00,2019,2019-01-01T00:00:00+01:00,2019-12-31T00:00:00+01:00
6120869,WHS6_102,COUNTRY,SGP,YEAR,WPR,Western Pacific,,2021,,,,,,,,28.4,28.366694655,,,"SingStat Table builder, Statistics Singapore",2025-09-30T15:06:45.29+02:00,2021,2021-01-01T00:00:00+01:00,2021-12-31T00:00:00+01:00
6205076,WHS6_102,COUNTRY,IND,YEAR,SEAR,South-East Asia,,2012,,,,,,,,17.6,17.637420584,,,"National Health Profile, Central Bureau of Health Intelligence",2025-09-30T15:06:45.29+02:00,2012,2012-01-01T00:00:00+01:00,2012-12-31T00:00:00+01:00
6243639,WHS6_102,COUNTRY,MEX,YEAR,AMR,Americas,,2019,,,,,,,,9.6,9.600281495,,,"OECD Health Statistics Database, data extracted on 31 January 2025",2025-09-30T15:06:45.29+02:00,2019,2019-01-01T00:00:00+01:00,2019-12-31T00:00:00+01:00
6622737,WHS6_102,COUNTRY,KEN,YEAR,AFR,Africa,,2019,,,,,,,,13.3,13.3,,,Kenya 2018-2019 Harmonized health facility assessment,2025-09-30T15:06:45.29+02:00,2019,2019-01-01T00:00:00+01:00,2019-12-31T00:00:00+01:00
6678995,WHS6_102,COUNTRY,BRA,YEAR,AMR,Americas,,2017,,,,,,,,23.4,23.399215958,,,"OECD Health Statistics Database, data extracted on 31 January 2025",2025-09-30T15:06:45.29+02:00,2017,2017-01-01T00:00:00+01:00,2017-12-31T00:00:00+01:00
6734568,WHS6_102,COUNTRY,PAK,YEAR,EMR,Eastern Mediterranean,,2014,,,,,,,,4.7,4.65391748,,,"Pakistan statistical yearbook, MoH",2025-09-30T15:06:45.29+02:00,2014,2014-01-01T00:00:00+01:00,2014-12-31T00:00:00+01:00
6817776,WHS6_102,COUNTRY,GHA,YEAR,AFR,Africa,,2015,,,,,,,,6.9,6.937186386,,,"Statistical Yearbook, Ghana Statistical Service",2025-09-30T15:06:45.29+02:00,2015,2015-01-01T00:00:00+01:00,2015-12-31T00:00:00+01:00
6843891,WHS6_102,COUNTRY,SGP,YEAR,WPR,Western Pacific,,2020,,,,,,,,27.7,27.693206108,,,"SingStat Table builder, Statistics Singapore",2025-09-30T15:06:45.29+02:00,2020,2020-01-01T00:00:00+01:00,2020-12-31T00:00:00+01:00
6951563,WHS6_102,COUNTRY,BGD,YEAR,SEAR,South-East Asia,,2016,,,,,,,,7.9,7.919810181,,,"Health Bulletin, MoH",2025-09-30T15:06:45.29+02:00,2016,2016-01-01T00:00:00+01:00,2016-12-31T00:00:00+01:00
6999848,WHS6_102,COUNTRY,IND,YEAR,SEAR,South-East Asia,,2010,,,,,,,,18.1,18.136593751,,,"National Health Profile, Central Bureau of Health Intelligence",2025-09-30T15:06:45.29+02:00,2010,2010-01-01T00:00:00+01:00,2010-12-31T00:00:00+01:00
7070050,WHS6_102,COUNTRY,BGD,YEAR,SEAR,South-East Asia,,2015,,,,,,,,7.6,7.628408468,,,"Health Bulletin, MoH",2025-09-30T15:06:45.29+02:00,2015,2015-01-01T00:00:00+01:00,2015-12-31T00:00:00+01:00
7311034,WHS6_102,COUNTRY,CHN,YEAR,WPR,Western Pacific,,2016,,,,,,,,40.5,40.517711903,,,"OECD Health Statistics Database, data extracted on 31 January 2025",2025-09-30T15:06:45.29+02:00,2016,2016-01-01T00:00:00+01:00,2016-12-31T00:00:00+01:00
7400899,WHS6_102,COUNTRY,JPN,YEAR,WPR,Western Pacific,,2017,,,,,,,,130.1,130.109635654,,,"OECD Health Statistics Database, data extracted on 31 January 2025",2025-09-30T15:06:45.29+02:00,2017,2017-01-01T00:00:00+01:00,2017-12-31T00:00:00+01:00
7456242,WHS6_102,COUNTRY,MEX,YEAR,AMR,Americas,,2020,,,,,,,,10.0,9.972392933,,,"OECD Health Statistics Database, data extracted on 31 January 2025",2025-09-30T15:06:45.29+02:00,2020,2020-01-01T00:00:00+01:00,2020-12-31T00:00:00+01:00
7590393,WHS6_102,COUNTRY,KOR,YEAR,WPR,Western Pacific,,2014,,,,,,,,116.3,116.344278374,,,"OECD Health Statistics Database, data extracted on 31 January 2025",2025-09-30T15:06:45.29+02:00,2014,2014-01-01T00:00:00+01:00,2014-12-31T00:00:00+01:00
7621071,WHS6_102,COUNTRY,SGP,YEAR,WPR,Western Pacific,,2014,,,,,,,,22.5,22.494003645,,,"SingStat Table builder, Statistics Singapore",2025-09-30T15:06:45.29+02:00,2014,2014-01-01T00:00:00+01:00,2014-12-31T00:00:00+01:00
7653926,WHS6_102,COUNTRY,BGD,YEAR,SEAR,South-East Asia,,2014,,,,,,,,6.0,5.970818928,,,"Health Bulletin, MoH",2025-09-30T15:06:45.29+02:00,2014,2014-01-01T00:00:00+01:00,2014-12-31T00:00:00+01:00
7659863,WHS6_102,COUNTRY,THA,YEAR,SEAR,South-East Asia,,2012,,,,,,,,21.2,21.169682493,,,"Statistical yearbook, National Statistical Office",2025-09-30T15:06:45.29+02:00,2012,2012-01-01T00:00:00+01:00,2012-12-31T00:00:00+01:00
7671932,WHS6_102,COUNTRY,MEX,YEAR,AMR,Americas,,2021,,,,,,,,10.1,10.122590729,,,"OECD Health Statistics Database, data extracted on 31 January 2025",2025-09-30T15:06:45.29+02:00,2021,2021-01-01T00:00:00+01:00,2021-12-31T00:00:00+01:00
7817028,WHS6_102,COUNTRY,CHL,YEAR,AMR,Americas,,2016,,,,,,,,21.1,21.114865558,,,"OECD Health Statistics Database, data extracted on 31 January 2025",2025-09-30T15:06:45.29+02:00,2016,2016-01-01T00:00:00+01:00,2016-12-31T00:00:00+01:00
7994224,WHS6_102,COUNTRY,BGD,YEAR,SEAR,South-East Asia,,2023,,,,,,,,9.2,9.24924405,,,Health Bulletin 2021,2025-09-30T15:06:45.29+02:00,2023,2023-01-01T00:00:00+01:00,2023-12-31T00:00:00+01:00
8025884,WHS6_102,COUNTRY,CHN,YEAR,WPR,Western Pacific,,2012,,,,,,,,30.4,30.386539558,,,"OECD Health Statistics Database, data extracted on 31 January 2025",2025-09-30T15:06:45.29+02:00,2012,2012-01-01T00:00:00+01:00,2012-12-31T00:00:00+01:00
8089029,WHS6_102,COUNTRY,THA,YEAR,SEAR,South-East Asia,,2022,,,,,,,,23.9,23.885164635,,,"Statistical yearbook, National Statistical Office",2025-09-30T15:06:45.29+02:00,2022,2022-01-01T00:00:00+01:00,2022-12-31T00:00:00+01:00
8109345,WHS6_102,COUNTRY,CHL,YEAR,AMR,Americas,,2021,,,,,,,,19.8,19.754501428,,,"OECD Health Statistics Database, data extracted on 31 January 2025",2025-09-30T15:06:45.29+02:00,2021,2021-01-01T00:00:00+01:00,2021-12-31T00:00:00+01:00
8121215,WHS6_102,COUNTRY,CHN,YEAR,WPR,Western Pacific,,2010,,,,,,,,25.1,25.062862344,,,"OECD Health Statistics Database, data extracted on 31 January 2025",2025-09-30T15:06:45.29+02:00,2010,2010-01-01T00:00:00+01:00,2010-12-31T00:00:00+01:00
8311183,WHS6_102,COUNTRY,UGA,YEAR,AFR,Africa,,2010,,,,,,,,5.0,5.0,,,"WHO AFRO regional observatory, data extracted on December 7 2020",2025-09-30T15:06:45.29+02:00,2010,2010-01-01T00:00:00+01:00,2010-12-31T00:00:00+01:00
8425083,WHS6_102,COUNTRY,TUR,YEAR,EUR,Europe,,2018,,,,,,,,27.5,27.472646259,,,"OECD Health Statistics Database, data extracted on 31 January 2025",2025-09-30T15:06:45.29+02:00,2018,2018-01-01T00:00:00+01:00,2018-12-31T00:00:00+01:00
8467812,WHS6_102,COUNTRY,THA,YEAR,SEAR,South-East Asia,,2021,,,,,,,,23.4,23.3611061,,,"Statistical yearbook, National Statistical Office",2025-09-30T15:06:45.29+02:00,2021,2021-01-01T00:00:00+01:00,2021-12-31T00:00:00+01:00
8589060,WHS6_102,COUNTRY,CHL,YEAR,AMR,Americas,,2023,,,,,,,,19.4,19.386195539,,,"OECD Health Statistics Database, data extracted on 31 January 2025",2025-09-30T15:06:45.29+02:00,2023,2023-01-01T00:00:00+01:00,2023-12-31T00:00:00+01:00
8758774,WHS6_102,COUNTRY,POL,YEAR,EUR,Europe,,2021,,,,,,,,62.2,62.234781299,,,"OECD Health Statistics Database, data extracted on 31 January 2025",2025-09-30T15:06:45.29+02:00,2021,2021-01-01T00:00:00+01:00,2021-12-31T00:00:00+01:00
9839013,WHS6_102,COUNTRY,CHN,YEAR,WPR,Western Pacific,,2023,,,,,,,,56.3,56.267424359,,,Provided by MoH during 2025 SDG 3.8.1 country consultation,2025-09-30T15:06:45.29+02:00,2023,2023-01-01T00:00:00+01:00,2023-12-31T00:00:00+01:00
9921934,WHS6_102,COUNTRY,KOR,YEAR,WPR,Western Pacific,,2016,,,,,,,,119.7,119.686917793,,,"OECD Health Statistics Database, data extracted on 31 January 2025",2025-09-30T15:06:45.29+02:00,2016,2016-01-01T00:00:00+01:00,2016-12-31T00:00:00+01:00
10160078,WHS6_102,COUNTRY,BGD,YEAR,SEAR,South-East Asia,,2010,,,,,,,,5.4,5.359851499,,,"Health Bulletin, MoH",2025-09-30T15:06:45.29+02:00,2010,2010-01-01T00:00:00+01:00,2010-12-31T00:00:00+01:00
10179112,WHS6_102,COUNTRY,THA,YEAR,SEAR,South-East Asia,,2020,,,,,,,,23.2,23.214761347,,,"Statistical yearbook, National Statistical Office",2025-09-30T15:06:45.29+02:00,2020,2020-01-01T00:00:00+01:00,2020-12-31T00:00:00+01:00
10181833,WHS6_102,COUNTRY,POL,YEAR,EUR,Europe,,2019,,,,,,,,61.3,61.324150865,,,"OECD Health Statistics Database, data extracted on 31 January 2025",2025-09-30T15:06:45.29+02:00,2019,2019-01-01T00:00:00+01:00,2019-12-31T00:00:00+01:00
10199068,WHS6_102,COUNTRY,RWA,YEAR,AFR,Africa,,2023,,,,,,,,7.5,7.483621382,,,"Statistical Yearbook, National Institute of Statistics of Rwanda",2025-09-30T15:06:45.29+02:00,2023,2023-01-01T00:00:00+01:00,2023-12-31T00:00:00+01:00
10223891,WHS6_102,COUNTRY,AFG,YEAR,EMR,Eastern Mediterranean,,2020,,,,,,,,3.3,3.346133088,,,"Afghanistan Statistical Yearbook, National Statistic and Information Authority",2025-09-30T15:06:45.29+02:00,2020,2020-01-01T00:00:00+01:00,2020-12-31T00:00:00+01:00
