Id,IndicatorCode,SpatialDimType,SpatialDim,TimeDimType,ParentLocationCode,ParentLocation,Dim1Type,Dim1,TimeDim,Dim2Type,Dim2,Dim3Type,Dim3,DataSourceDimType,DataSourceDim,Value,NumericValue,Low,High,Comments,Date,TimeDimensionValue,TimeDimensionBegin,TimeDimensionEnd
9836253,WHS6_102,COUNTRY,CHN,YEAR,WPR,Western Pacific,,,2023,,,,,,,56.3,56.267424359,,,Provided by MoH during 2025 SDG 3.8.1 country consultation,2025-09-30T15:06:45.29+02:00,2023,2023-01-01T00:00:00+01:00,2023-12-31T00:00:00+01:00
1720810,WHS6_102,COUNTRY,RWA,YEAR,AFR,Africa,,,2019,,,,,,,7.3,7.26434287,,,"Statistical Yearbook, National Institute of Statistics of Rwanda",2025-09-30T15:06:45.29+02:00,2019,2019-01-01T00:00:00+01:00,2019-12-31T00:00:00+01:00
5049208,WHS6_102,COUNTRY,JPN,YEAR,WPR,Western Pacific,,,2015,,,,,,,131.5,131.493425513,,,"OECD Health Statistics Database, data extracted on 31 January 2025",2025-09-30T15:06:45.29+02:00,2015,2015-01-01T00:00:00+01:00,2015-12-31T00:00:00+01:00
619580,WHS6_102,COUNTRY,TUR,YEAR,EUR,Europe,,,2011,,,,,,,26.2,26.208107253,,,"OECD Health Statistics Database, data extracted on 31 January 2025",2025-09-30T15:06:45.29+02:00,2011,2011-01-01T00:00:00+01:00,2011-12-31T00:00:00+01:00
1487181,WHS6_102,COUNTRY,POL,YEAR,EUR,Europe,,,2013,,,,,,,65.7,65.705127074,,,"OECD Health Statistics Database, data extracted on 31 January 2025",2025-09-30T15:06:45.29+02:00,2013,2013-01-01T00:00:00+01:00,2013-12-31T00:00:00+01:00
6676980,WHS6_102,COUNTRY,BRA,YEAR,AMR,Americas,,,2017,,,,,,,23.4,23.399215958,,,"OECD Health Statistics Database, data extracted on 31 January 2025",2025-09-30T15:06:45.29+02:00,2017,2017-01-01T00:00:00+01:00,2017-12-31T00:00:00+01:00
7651670,WHS6_102,COUNTRY,BGD,YEAR,SEAR,South-East Asia,,,2014,,,,,,,6.0,5.970818928,,,"Health Bulletin, MoH",2025-09-30T15:06:45.29+02:00,2014,2014-01-01T00:00:00+01:00,2014-12-31T00:00:00+01:00
5492785,WHS6_102,COUNTRY,IDN,YEAR,WPR,Western Pacific,,,2018,,,,,,,11.5,11.509830492,,,"Indonesia Health Profile, Ministry of Health",2025-09-30T15:06:45.29+02:00,2018,2018-01-01T00:00:00+01:00,2018-12-31T00:00:00+01:00
3524573,WHS6_102,COUNTRY,PAK,YEAR,EMR,Eastern Mediterranean,,,2010,,,,,,,4.2,4.247410356,,,"Pakistan statistical yearbook, MoH",2025-09-30T15:06:45.29+02:00,2010,2010-01-01T00:00:00+01:00,2010-12-31T00:00:00+01:00
5923567,WHS6_102,COUNTRY,IDN,YEAR,WPR,Western Pacific,,,2011,,,,,,,6.0,6.005771539,,,"OECD Health Statistics Database, data extracted on 31 January 2025",2025-09-30T15:06:45.29+02:00,2011,2011-01-01T00:00:00+01:00,2011-12-31T00:00:00+01:00
5448501,WHS6_102,COUNTRY,EGY,YEAR,EMR,Eastern Mediterranean,,,2018,,,,,,,12.4,12.395950444,,,"Egypt in figures, MoH",2025-09-30T15:06:45.29+02:00,2018,2018-01-01T00:00:00+01:00,2018-12-31T00:00:00+01:00
6841839,WHS6_102,COUNTRY,SGP,YEAR,WPR,Western Pacific,,,2020,,,,,,,27.7,27.693206108,,,"SingStat Table builder, Statistics Singapore",2025-09-30T15:06:45.29+02:00,2020,2020-01-01T00:00:00+01:00,2020-12-31T00:00:00+01:00
1721132,WHS6_102,COUNTRY,BGD,YEAR,SEAR,South-East Asia,,,2011,,,,,,,5.3,5.330778497,,,"Health Bulletin, MoH",2025-09-30T15:06:45.29+02:00,2011,2011-01-01T00:00:00+01:00,2011-12-31T00:00:00+01:00
4878302,WHS6_102,COUNTRY,IND,YEAR,SEAR,South-East Asia,,,2019,,,,,,,16.2,16.236161217,,,"National Health Profile, Central Bureau of Health Intelligence",2025-09-30T15:06:45.29+02:00,2019,2019-01-01T00:00:00+01:00,2019-12-31T00:00:00+01:00
8526012,WHS6_102,COUNTRY,BRA,YEAR,AMR,Americas,,,2010,,,,,,,25.9,25.851781519,,,"OECD Health Statistics Database, data extracted on 31 January 2025",2025-09-30T15:06:45.29+02:00,2010,2010-01-01T00:00:00+01:00,2010-12-31T00:00:00+01:00
7715187,WHS6_102,COUNTRY,MEX,YEAR,AMR,Americas,,,2012,,,,,,,10.2,10.212106573,,,"OECD Health Statistics Database, data extracted on 31 January 2025",2025-09-30T15:06:45.29+02:00,2012,2012-01-01T00:00:00+01:00,2012-12-31T00:00:00+01:00
588196,WHS6_102,COUNTRY,COL,YEAR,AMR,Americas,,,2014,,,,,,,16.3,16.289983045,,,"OECD Health Statistics Database, data extracted on 31 January 2025",2025-09-30T15:06:45.29+02:00,2014,2014-01-01T00:00:00+01:00,2014-12-31T00:00:00+01:00
1309912,WHS6_102,COUNTRY,JPN,YEAR,WPR,Western Pacific,,,2013,,,,,,,132.7,132.717324174,,,"OECD Health Statistics Database, data extracted on 31 January 2025",2025-09-30T15:06:45.29+02:00,2013,2013-01-01T00:00:00+01:00,2013-12-31T00:00:00+01:00
948773,WHS6_102,COUNTRY,MEX,YEAR,AMR,Americas,,,2010,,,,,,,10.5,10.517681764,,,"OECD Health Statistics Database, data extracted on 31 January 2025",2025-09-30T15:06:45.29+02:00,2010,2010-01-01T00:00:00+01:00,2010-12-31T00:00:00+01:00
9090685,WHS6_102,COUNTRY,PHL,YEAR,WPR,Western Pacific,,,2020,,,,,,,9.9,9.862843098,,,"HFSRB, CO, CHD-RLEDS",2025-09-30T15:06:45.29+02:00,2020,2020-01-01T00:00:00+01:00,2020-12-31T00:00:00+01:00
5303001,WHS6_102,COUNTRY,AFG,YEAR,EMR,Eastern Mediterranean,,,2011,,,,,,,4.5,4.459632455,,,"Afghanistan Statistical Yearbook, National Statistic and Information Authority",2025-09-30T15:06:45.29+02:00,2011,2011-01-01T00:00:00+01:00,2011-12-31T00:00:00+01:00
7797700,WHS6_102,COUNTRY,IDN,YEAR,WPR,Western Pacific,,,2015,,,,,,,9.5,9.520844693,,,"OECD Health Statistics Database, data extracted on 31 January 2025",2025-09-30T15:06:45.29+02:00,2015,2015-01-01T00:00:00+01:00,2015-12-31T00:00:00+01:00
7917917,WHS6_102,COUNTRY,KOR,YEAR,WPR,Western Pacific,,,2011,,,,,,,96.8,96.838356232,,,"OECD Health Statistics Database, data extracted on 31 January 2025",2025-09-30T15:06:45.29+02:00,2011,2011-01-01T00:00:00+01:00,2011-12-31T00:00:00+01:00
9919151,WHS6_102,COUNTRY,KOR,YEAR,WPR,Western Pacific,,,2016,,,,,,,119.7,119.686917793,,,"OECD Health Statistics Database, data extracted on 31 January 2025",2025-09-30T15:06:45.29+02:00,2016,2016-01-01T00:00:00+01:00,2016-12-31T00:00:00+01:00
1639166,WHS6_102,COUNTRY,EGY,YEAR,EMR,Eastern Mediterranean,,,2015,,,,,,,12.5,12.48637815,,,"Egypt in figures, MoH",2025-09-30T15:06:45.29+02:00,2015,2015-01-01T00:00:00+01:00,2015-12-31T00:00:00+01:00
6949468,WHS6_102,COUNTRY,BGD,YEAR,SEAR,South-East Asia,,,2016,,,,,,,7.9,7.919810181,,,"Health Bulletin, MoH",2025-09-30T15:06:45.29+02:00,2016,2016-01-01T00:00:00+01:00,2016-12-31T00:00:00+01:00
8836746,WHS6_102,COUNTRY,MEX,YEAR,AMR,Americas,,,2011,,,,,,,10.3,10.332990222,,,"OECD Health Statistics Database, data extracted on 31 January 2025",2025-09-30T15:06:45.29+02:00,2011,2011-01-01T00:00:00+01:00,2011-12-31T00:00:00+01:00
5613629,WHS6_102,COUNTRY,CHL,YEAR,AMR,Americas,,,2011,,,,,,,22.1,22.068010991,,,"OECD Health Statistics Database, data extracted on 31 January 2025",2025-09-30T15:06:45.29+02:00,2011,2011-01-01T00:00:00+01:00,2011-12-31T00:00:00+01:00
4131030,WHS6_102,COUNTRY,BRA,YEAR,AMR,Americas,,,2013,,,,,,,24.9,24.900405858,,,"OECD Health Statistics Database, data extracted on 31 January 2025",2025-09-30T15:06:45.29+02:00,2013,2013-01-01T00:00:00+01:00,2013-12-31T00:00:00+01:00
4777337,WHS6_102,COUNTRY,SGP,YEAR,WPR,Western Pacific,,,2016,,,,,,,25.0,24.975183477,,,"SingStat Table builder, Statistics Singapore",2025-09-30T15:06:45.29+02:00,2016,2016-01-01T00:00:00+01:00,2016-12-31T00:00:00+01:00
3163220,WHS6_102,COUNTRY,MEX,YEAR,AMR,Americas,,,2017,,,,,,,9.9,9.864501356,,,"OECD Health Statistics Database, data extracted on 31 January 2025",2025-09-30T15:06:45.29+02:00,2017,2017-01-01T00:00:00+01:00,2017-12-31T00:00:00+01:00
1443438,WHS6_102,COUNTRY,POL,YEAR,EUR,Europe,,,2018,,,,,,,64.9,64.914238411,,,"OECD Health Statistics Database, data extracted on 31 January 2025",2025-09-30T15:06:45.29+02:00,2018,2018-01-01T00:00:00+01:00,2018-12-31T00:00:00+01:00
8393503,WHS6_102,COUNTRY,THA,YEAR,SEAR,South-East Asia,,,2010,,,,,,,19.6,19.554693386,,,"Statistical yearbook, National Statistical Office",2025-09-30T15:06:45.29+02:00,2010,2010-01-01T00:00:00+01:00,2010-12-31T00:00:00+01:00
4295969,WHS6_102,COUNTRY,CHN,YEAR,WPR,Western Pacific,,,2014,,,,,,,35.7,35.744752701,,,"OECD Health Statistics Database, data extracted on 31 January 2025",2025-09-30T15:06:45.29+02:00,2014,2014-01-01T00:00:00+01:00,2014-12-31T00:00:00+01:00
7785183,WHS6_102,COUNTRY,CHN,YEAR,WPR,Western Pacific,,,2019,,,,,,,48.2,48.236050553,,,"OECD Health Statistics Database, data extracted on 31 January 2025",2025-09-30T15:06:45.29+02:00,2019,2019-01-01T00:00:00+01:00,2019-12-31T00:00:00+01:00
6620752,WHS6_102,COUNTRY,KEN,YEAR,AFR,Africa,,,2019,,,,,,,13.3,13.3,,,Kenya 2018-2019 Harmonized health facility assessment,2025-09-30T15:06:45.29+02:00,2019,2019-01-01T00:00:00+01:00,2019-12-31T00:00:00+01:00
10179004,WHS6_102,COUNTRY,POL,YEAR,EUR,Europe,,,2019,,,,,,,61.3,61.324150865,,,"OECD Health Statistics Database, data extracted on 31 January 2025",2025-09-30T15:06:45.29+02:00,2019,2019-01-01T00:00:00+01:00,2019-12-31T00:00:00+01:00
980846,WHS6_102,COUNTRY,POL,YEAR,EUR,Europe,,,2016,,,,,,,65.9,65.895063152,,,"OECD Health Statistics Database, data extracted on 31 January 2025",2025-09-30T15:06:45.29+02:00,2016,2016-01-01T00:00:00+01:00,2016-12-31T00:00:00+01:00
8951297,WHS6_102,COUNTRY,MDG,YEAR,AFR,Africa,,,2010,,,,,,,3.3,3.291658971,,,"Annuaire des statistiques du secteur santé, MoH",2025-09-30T15:06:45.29+02:00,2010,2010-01-01T00:00:00+01:00,2010-12-31T00:00:00+01:00
2789703,WHS6_102,COUNTRY,IND,YEAR,SEAR,South-East Asia,,,2011,,,,,,,17.9,17.881441287,,,"National Health Profile, Central Bureau of Health Intelligence",2025-09-30T15:06:45.29+02:00,2011,2011-01-01T00:00:00+01:00,2011-12-31T00:00:00+01:00
7438026,WHS6_102,COUNTRY,BGD,YEAR,SEAR,South-East Asia,,,2013,,,,,,,5.8,5.82027454,,,"Health Bulletin, MoH",2025-09-30T15:06:45.29+02:00,2013,2013-01-01T00:00:00+01:00,2013-12-31T00:00:00+01:00
2701488,WHS6_102,COUNTRY,COL,YEAR,AMR,Americas,,,2013,,,,,,,15.8,15.799024363,,,"OECD Health Statistics Database, data extracted on 31 January 2025",2025-09-30T15:06:45.29+02:00,2013,2013-01-01T00:00:00+01:00,2013-12-31T00:00:00+01:00
4036134,WHS6_102,COUNTRY,KOR,YEAR,WPR,Western Pacific,,,2012,,,,,,,103.8,103.768419007,,,"OECD Health Statistics Database, data extracted on 31 January 2025",2025-09-30T15:06:45.29+02:00,2012,2012-01-01T00:00:00+01:00,2012-12-31T00:00:00+01:00
4194957,WHS6_102,COUNTRY,CHL,YEAR,AMR,Americas,,,2018,,,,,,,20.5,20.468222702,,,"OECD Health Statistics Database, data extracted on 31 January 2025",2025-09-30T15:06:45.29+02:00,2018,2018-01-01T00:00:00+01:00,2018-12-31T00:00:00+01:00
1240686,WHS6_102,COUNTRY,CHN,YEAR,WPR,Western Pacific,,,2015,,,,,,,38.2,38.181144124,,,"OECD Health Statistics Database, data extracted on 31 January 2025",2025-09-30T15:06:45.29+02:00,2015,2015-01-01T00:00:00+01:00,2015-12-31T00:00:00+01:00
3538147,WHS6_102,COUNTRY,PAK,YEAR,EMR,Eastern Mediterranean,,,2018,,,,,,,5.0,4.986143369,,,"Pakistan statistical yearbook, MoH",2025-09-30T15:06:45.29+02:00,2018,2018-01-01T00:00:00+01:00,2018-12-31T00:00:00+01:00
7228955,WHS6_102,COUNTRY,POL,YEAR,EUR,Europe,,,2012,,,,,,,66.0,65.978054882,,,"OECD Health Statistics Database, data extracted on 31 January 2025",2025-09-30T15:06:45.29+02:00,2012,2012-01-01T00:00:00+01:00,2012-12-31T00:00:00+01:00
569797,WHS6_102,COUNTRY,JPN,YEAR,WPR,Western Pacific,,,2010,,,,,,,135.0,134.977674073,,,"OECD Health Statistics Database, data extracted on 31 January 2025",2025-09-30T15:06:45.29+02:00,2010,2010-01-01T00:00:00+01:00,2010-12-31T00:00:00+01:00
2336153,WHS6_102,COUNTRY,PAK,YEAR,EMR,Eastern Mediterranean,,,2011,,,,,,,4.3,4.314439047,,,"Pakistan statistical yearbook, MoH",2025-09-30T15:06:45.29+02:00,2011,2011-01-01T00:00:00+01:00,2011-12-31T00:00:00+01:00
9053201,WHS6_102,COUNTRY,TUR,YEAR,EUR,Europe,,,2023,,,,,,,30.5,30.548007727,,,Provided by MoH during 2025 SDG 3.8.1 country consultation,2025-09-30T15:06:45.29+02:00,2023,2023-01-01T00:00:00+01:00,2023-12-31T00:00:00+01:00
2019011,WHS6_102,COUNTRY,AFG,YEAR,EMR,Eastern Mediterranean,,,2014,,,,,,,4.6,4.558965245,,,"Afghanistan Statistical Yearbook, National Statistic and Information Authority",2025-09-30T15:06:45.29+02:00,2014,2014-01-01T00:00:00+01:00,2014-12-31T00:00:00+01:00
2050569,WHS6_102,COUNTRY,RWA,YEAR,AFR,Africa,,,2015,,,,,,,7.4,7.435549763,,,"Statistical Yearbook, National Institute of Statistics of Rwanda",2025-09-30T15:06:45.29+02:00,2015,2015-01-01T00:00:00+01:00,2015-12-31T00:00:00+01:00
7451012,WHS6_102,COUNTRY,BRA,YEAR,AMR,Americas,,,2015,,,,,,,23.9,23.946831349,,,"OECD Health Statistics Database, data extracted on 31 January 2025",2025-09-30T15:06:45.29+02:00,2015,2015-01-01T00:00:00+01:00,2015-12-31T00:00:00+01:00
9514608,WHS6_102,COUNTRY,IDN,YEAR,WPR,Western Pacific,,,2014,,,,,,,9.1,9.139847771,,,"OECD Health Statistics Database, data extracted on 31 January 2025",2025-09-30T15:06:45.29+02:00,2014,2014-01-01T00:00:00+01:00,2014-12-31T00:00:00+01:00
265944,WHS6_102,COUNTRY,TUR,YEAR,EUR,Europe,,,2020,,,,,,,29.2,29.176102488,,,"OECD Health Statistics Database, data extracted on 31 January 2025",2025-09-30T15:06:45.29+02:00,2020,2020-01-01T00:00:00+01:00,2020-12-31T00:00:00+01:00
1082186,WHS6_102,COUNTRY,GHA,YEAR,AFR,Africa,,,2010,,,,,,,7.0,7.000980805,,,"Statistical Yearbook, Ghana Statistical Service",2025-09-30T15:06:45.29+02:00,2010,2010-01-01T00:00:00+01:00,2010-12-31T00:00:00+01:00
2114124,WHS6_102,COUNTRY,PHL,YEAR,WPR,Western Pacific,,,2014,,,,,,,9.2,9.224597512,,,"HFSRB, CO, CHD-RLEDS",2025-09-30T15:06:45.29+02:00,2014,2014-01-01T00:00:00+01:00,2014-12-31T00:00:00+01:00
3350538,WHS6_102,COUNTRY,THA,YEAR,SEAR,South-East Asia,,,2017,,,,,,,21.2,21.197106219,,,"Statistical yearbook, National Statistical Office",2025-09-30T15:06:45.29+02:00,2017,2017-01-01T00:00:00+01:00,2017-12-31T00:00:00+01:00
7982249,WHS6_102,COUNTRY,CHN,YEAR,WPR,Western Pacific,,,2017,,,,,,,43.3,43.335430297,,,"OECD Health Statistics Database, data extracted on 31 January 2025",2025-09-30T15:06:45.29+02:00,2017,2017-01-01T00:00:00+01:00,2017-12-31T00:00:00+01:00
6203296,WHS6_102,COUNTRY,IND,YEAR,SEAR,South-East Asia,,,2012,,,,,,,17.6,17.637420584,,,"National Health Profile, Central Bureau of Health Intelligence",2025-09-30T15:06:45.29+02:00,2012,2012-01-01T00:00:00+01:00,2012-12-31T00:00:00+01:00
266121,WHS6_102,COUNTRY,SGP,YEAR,WPR,Western Pacific,,,2011,,,,,,,21.4,21.446316093,,,"SingStat Table builder, Statistics Singapore",2025-09-30T15:06:45.29+02:00,2011,2011-01-01T00:00:00+01:00,2011-12-31T00:00:00+01:00
8026622,WHS6_102,COUNTRY,IDN,YEAR,WPR,Western Pacific,,,2013,,,,,,,9.6,9.589120005,,,"OECD Health Statistics Database, data extracted on 31 January 2025",2025-09-30T15:06:45.29+02:00,2013,2013-01-01T00:00:00+01:00,2013-12-31T00:00:00+01:00
8267860,WHS6_102,COUNTRY,EGY,YEAR,EMR,Eastern Mediterranean,,,2020,,,,,,,11.1,11.125359521,,,"Egypt in figures, MoH",2025-09-30T15:06:45.29+02:00,2020,2020-01-01T00:00:00+01:00,2020-12-31T00:00:00+01:00
2234739,WHS6_102,COUNTRY,EGY,YEAR,EMR,Eastern Mediterranean,,,2017,,,,,,,12.7,12.738382013,,,"Egypt in figures, MoH",2025-09-30T15:06:45.29+02:00,2017,2017-01-01T00:00:00+01:00,2017-12-31T00:00:00+01:00
3858942,WHS6_102,COUNTRY,BGD,YEAR,SEAR,South-East Asia,,,2022,,,,,,,10.1,10.132839947,,,Health Bulletin 2021,2025-09-30T15:06:45.29+02:00,2022,2022-01-01T00:00:00+01:00,2022-12-31T00:00:00+01:00
38725,WHS6_102,COUNTRY,POL,YEAR,EUR,Europe,,,2011,,,,,,,66.0,66.027205781,,,"OECD Health Statistics Database, data extracted on 31 January 2025",2025-09-30T15:06:45.29+02:00,2011,2011-01-01T00:00:00+01:00,2011-12-31T00:00:00+01:00
4328387,WHS6_102,COUNTRY,RWA,YEAR,AFR,Africa,,,2012,,,,,,,7.1,7.074854957,,,"Statistical Yearbook, National Institute of Statistics of Rwanda",2025-09-30T15:06:45.29+02:00,2012,2012-01-01T00:00:00+01:00,2012-12-31T00:00:00+01:00
4423498,WHS6_102,COUNTRY,TUR,YEAR,EUR,Europe,,,2012,,,,,,,26.6,26.606311225,,,"OECD Health Statistics Database, data extracted on 31 January 2025",2025-09-30T15:06:45.29+02:00,2012,2012-01-01T00:00:00+01:00,2012-12-31T00:00:00+01:00
2355608,WHS6_102,COUNTRY,KOR,YEAR,WPR,Western Pacific,,,2010,,,,,,,88.8,88.759882492,,,"OECD Health Statistics Database, data extracted on 31 January 2025",2025-09-30T15:06:45.29+02:00,2010,2010-01-01T00:00:00+01:00,2010-12-31T00:00:00+01:00
8476555,WHS6_102,COUNTRY,MDG,YEAR,AFR,Africa,,,2013,,,,,,,3.2,3.233608155,,,"Annuaire des statistiques du secteur santé, MoH",2025-09-30T15:06:45.29+02:00,2013,2013-01-01T00:00:00+01:00,2013-12-31T00:00:00+01:00
2152538,WHS6_102,COUNTRY,THA,YEAR,SEAR,South-East Asia,,,2019,,,,,,,22.1,22.094658216,,,"Statistical yearbook, National Statistical Office",2025-09-30T15:06:45.29+02:00,2019,2019-01-01T00:00:00+01:00,2019-12-31T00:00:00+01:00
3044117,WHS6_102,COUNTRY,CHL,YEAR,AMR,Americas,,,2014,,,,,,,21.1,21.093032302,,,"OECD Health Statistics Database, data extracted on 31 January 2025",2025-09-30T15:06:45.29+02:00,2014,2014-01-01T00:00:00+01:00,2014-12-31T00:00:00+01:00
3884570,WHS6_102,COUNTRY,RWA,YEAR,AFR,Africa,,,2017,,,,,,,7.2,7.174197279,,,"Statistical Yearbook, National Institute of Statistics of Rwanda",2025-09-30T15:06:45.29+02:00,2017,2017-01-01T00:00:00+01:00,2017-12-31T00:00:00+01:00
1095233,WHS6_102,COUNTRY,IDN,YEAR,WPR,Western Pacific,,,2016,,,,,,,9.7,9.690076383,,,"OECD Health Statistics Database, data extracted on 31 January 2025",2025-09-30T15:06:45.29+02:00,2016,2016-01-01T00:00:00+01:00,2016-12-31T00:00:00+01:00
2752680,WHS6_102,COUNTRY,CHL,YEAR,AMR,Americas,,,2019,,,,,,,20.2,20.204453147,,,"OECD Health Statistics Database, data extracted on 31 January 2025",2025-09-30T15:06:45.29+02:00,2019,2019-01-01T00:00:00+01:00,2019-12-31T00:00:00+01:00
1627448,WHS6_102,COUNTRY,RWA,YEAR,AFR,Africa,,,2013,,,,,,,7.7,7.678480962,,,"Statistical Yearbook, National Institute of Statistics of Rwanda",2025-09-30T15:06:45.29+02:00,2013,2013-01-01T00:00:00+01:00,2013-12-31T00:00:00+01:00
4176471,WHS6_102,COUNTRY,CHL,YEAR,AMR,Americas,,,2020,,,,,,,20.2,20.195014905,,,"OECD Health Statistics Database, data extracted on 31 January 2025",2025-09-30T15:06:45.29+02:00,2020,2020-01-01T00:00:00+01:00,2020-12-31T00:00:00+01:00
9705174,WHS6_102,COUNTRY,SGP,YEAR,WPR,Western Pacific,,,2017,,,,,,,24.9,24.897895965,,,"SingStat Table builder, Statistics Singapore",2025-09-30T15:06:45.29+02:00,2017,2017-01-01T00:00:00+01:00,2017-12-31T00:00:00+01:00
9623047,WHS6_102,COUNTRY,BGD,YEAR,SEAR,South-East Asia,,,2021,,,,,,,9.4,9.430161025,,,Health Bulletin 2021,2025-09-30T15:06:45.29+02:00,2021,2021-01-01T00:00:00+01:00,2021-12-31T00:00:00+01:00
7235898,WHS6_102,COUNTRY,TUR,YEAR,EUR,Europe,,,2013,,,,,,,26.4,26.442798416,,,"OECD Health Statistics Database, data extracted on 31 January 2025",2025-09-30T15:06:45.29+02:00,2013,2013-01-01T00:00:00+01:00,2013-12-31T00:00:00+01:00
2943572,WHS6_102,COUNTRY,POL,YEAR,EUR,Europe,,,2010,,,,,,,66.0,66.006993976,,,"OECD Health Statistics Database, data extracted on 31 January 2025",2025-09-30T15:06:45.29+02:00,2010,2010-01-01T00:00:00+01:00,2010-12-31T00:00:00+01:00
2733782,WHS6_102,COUNTRY,IDN,YEAR,WPR,Western Pacific,,,2012,,,,,,,8.1,8.06367977,,,"OECD Health Statistics Database, data extracted on 31 January 2025",2025-09-30T15:06:45.29+02:00,2012,2012-01-01T00:00:00+01:00,2012-12-31T00:00:00+01:00
8996862,WHS6_102,COUNTRY,IND,YEAR,SEAR,South-East Asia,,,2017,,,,,,,16.6,16.586913757,,,"National Health Profile, Central Bureau of Health Intelligence",2025-09-30T15:06:45.29+02:00,2017,2017-01-01T00:00:00+01:00,2017-12-31T00:00:00+01:00
1836589,WHS6_102,COUNTRY,POL,YEAR,EUR,Europe,,,2014,,,,,,,65.8,65.831242526,,,"OECD Health Statistics Database, data extracted on 31 January 2025",2025-09-30T15:06:45.29+02:00,2014,2014-01-01T00:00:00+01:00,2014-12-31T00:00:00+01:00
4284569,WHS6_102,COUNTRY,IND,YEAR,SEAR,South-East Asia,,,2014,,,,,,,17.2,17.185789919,,,"National Health Profile, Central Bureau of Health Intelligence",2025-09-30T15:06:45.29+02:00,2014,2014-01-01T00:00:00+01:00,2014-12-31T00:00:00+01:00
6241840,WHS6_102,COUNTRY,MEX,YEAR,AMR,Americas,,,2019,,,,,,,9.6,9.600281495,,,"OECD Health Statistics Database, data extracted on 31 January 2025",2025-09-30T15:06:45.29+02:00,2019,2019-01-01T00:00:00+01:00,2019-12-31T00:00:00+01:00
6697854,WHS6_102,COUNTRY,IND,YEAR,SEAR,South-East Asia,,,2013,,,,,,,17.4,17.403925332,,,"National Health Profile, Central Bureau of Health Intelligence",2025-09-30T15:06:45.29+02:00,2013,2013-01-01T00:00:00+01:00,2013-12-31T00:00:00+01:00
2546150,WHS6_102,COUNTRY,CHL,YEAR,AMR,Americas,,,2022,,,,,,,19.5,19.53916617,,,"OECD Health Statistics Database, data extracted on 31 January 2025",2025-09-30T15:06:45.29+02:00,2022,2022-01-01T00:00:00+01:00,2022-12-31T00:00:00+01:00
3145542,WHS6_102,COUNTRY,TUR,YEAR,EUR,Europe,,,2010,,,,,,,27.3,27.300317136,,,"OECD Health Statistics Database, data extracted on 31 January 2025",2025-09-30T15:06:45.29+02:00,2010,2010-01-01T00:00:00+01:00,2010-12-31T00:00:00+01:00
3929340,WHS6_102,COUNTRY,JPN,YEAR,WPR,Western Pacific,,,2014,,,,,,,131.8,131.827579276,,,"OECD Health Statistics Database, data extracted on 31 January 2025",2025-09-30T15:06:45.29+02:00,2014,2014-01-01T00:00:00+01:00,2014-12-31T00:00:00+01:00
1887197,WHS6_102,COUNTRY,IDN,YEAR,WPR,Western Pacific,,,2020,,,,,,,13.8,13.81104325,,,"Indonesia Health Profile, Ministry of Health",2025-09-30T15:06:45.29+02:00,2020,2020-01-01T00:00:00+01:00,2020-12-31T00:00:00+01:00
2727718,WHS6_102,COUNTRY,MEX,YEAR,AMR,Americas,,,2013,,,,,,,10.2,10.200722941,,,"OECD Health Statistics Database, data extracted on 31 January 2025",2025-09-30T15:06:45.29+02:00,2013,2013-01-01T00:00:00+01:00,2013-12-31T00:00:00+01:00
9319569,WHS6_102,COUNTRY,PAK,YEAR,EMR,Eastern Mediterranean,,,2020,,,,,,,6.3,6.260038622,,,"Pakistan statistical yearbook, MoH",2025-09-30T15:06:45.29+02:00,2020,2020-01-01T00:00:00+01:00,2020-12-31T00:00:00+01:00
8027307,WHS6_102,COUNTRY,THA,YEAR,SEAR,South-East Asia,,,2023,,,,,,,23.9,23.8986295,,,Source: https://spd.moph.go.th/public-health-resources-report/,2025-09-30T15:06:45.29+02:00,2023,2023-01-01T00:00:00+01:00,2023-12-31T00:00:00+01:00
1120,WHS6_102,COUNTRY,SGP,YEAR,WPR,Western Pacific,,,2018,,,,,,,25.8,25.830763243,,,"SingStat Table builder, Statistics Singapore",2025-09-30T15:06:45.29+02:00,2018,2018-01-01T00:00:00+01:00,2018-12-31T00:00:00+01:00
2830065,WHS6_102,COUNTRY,COL,YEAR,AMR,Americas,,,2016,,,,,,,17.2,17.216753812,,,"OECD Health Statistics Database, data extracted on 31 January 2025",2025-09-30T15:06:45.29+02:00,2016,2016-01-01T00:00:00+01:00,2016-12-31T00:00:00+01:00
2987816,WHS6_102,COUNTRY,IDN,YEAR,WPR,Western Pacific,,,2022,,,,,,,14.0,14.0,,,"Indonesia Health Profile, Ministry of Health",2025-09-30T15:06:45.29+02:00,2022,2022-01-01T00:00:00+01:00,2022-12-31T00:00:00+01:00
2153095,WHS6_102,COUNTRY,MEX,YEAR,AMR,Americas,,,2022,,,,,,,10.1,10.143444468,,,"OECD Health Statistics Database, data extracted on 31 January 2025",2025-09-30T15:06:45.29+02:00,2022,2022-01-01T00:00:00+01:00,2022-12-31T00:00:00+01:00
6393858,WHS6_102,COUNTRY,MDG,YEAR,AFR,Africa,,,2011,,,,,,,3.2,3.157875596,,,"Annuaire des statistiques du secteur santé, MoH",2025-09-30T15:06:45.29+02:00,2011,2011-01-01T00:00:00+01:00,2011-12-31T00:00:00+01:00
6451013,WHS6_102,COUNTRY,MEX,YEAR,AMR,Americas,,,2016,,,,,,,10.0,9.962589696,,,"OECD Health Statistics Database, data extracted on 31 January 2025",2025-09-30T15:06:45.29+02:00,2016,2016-01-01T00:00:00+01:00,2016-12-31T00:00:00+01:00
2102414,WHS6_102,COUNTRY,PHL,YEAR,WPR,Western Pacific,,,2019,,,,,,,9.8,9.775128191,,,"HFSRB, CO, CHD-RLEDS",2025-09-30T15:06:45.29+02:00,2019,2019-01-01T00:00:00+01:00,2019-12-31T00:00:00+01:00
7084265,WHS6_102,COUNTRY,PHL,YEAR,WPR,Western Pacific,,,2013,,,,,,,9.5,9.495442612,,,"HFSRB, CO, CHD-RLEDS",2025-09-30T15:06:45.29+02:00,2013,2013-01-01T00:00:00+01:00,2013-12-31T00:00:00+01:00
1349742,WHS6_102,COUNTRY,IDN,YEAR,WPR,Western Pacific,,,2017,,,,,,,10.2,10.170390872,,,"OECD Health Statistics Database, data extracted on 31 January 2025",2025-09-30T15:06:45.29+02:00,2017,2017-01-01T00:00:00+01:00,2017-12-31T00:00:00+01:00
1216652,WHS6_102,COUNTRY,AFG,YEAR,EMR,Eastern Mediterranean,,,2015,,,,,,,4.4,4.431929186,,,"Afghanistan Statistical Yearbook, National Statistic and Information Authority",2025-09-30T15:06:45.29+02:00,2015,2015-01-01T00:00:00+01:00,2015-12-31T00:00:00+01:00
3801939,WHS6_102,COUNTRY,JPN,YEAR,WPR,Western Pacific,,,2021,,,,,,,126.0,126.013151788,,,"OECD Health Statistics Database, data extracted on 31 January 2025",2025-09-30T15:06:45.29+02:00,2021,2021-01-01T00:00:00+01:00,2021-12-31T00:00:00+01:00
2102500,WHS6_102,COUNTRY,SGP,YEAR,WPR,Western Pacific,,,2012,,,,,,,21.9,21.870858597,,,"SingStat Table builder, Statistics Singapore",2025-09-30T15:06:45.29+02:00,2012,2012-01-01T00:00:00+01:00,2012-12-31T00:00:00+01:00
3438071,WHS6_102,COUNTRY,AFG,YEAR,EMR,Eastern Mediterranean,,,2021,,,,,,,3.6,3.635212648,,,"Afghanistan Statistical Yearbook, National Statistic and Information Authority",2025-09-30T15:06:45.29+02:00,2021,2021-01-01T00:00:00+01:00,2021-12-31T00:00:00+01:00
6584093,WHS6_102,COUNTRY,TUR,YEAR,EUR,Europe,,,2019,,,,,,,27.8,27.824563913,,,"OECD Health Statistics Database, data extracted on 31 January 2025",2025-09-30T15:06:45.29+02:00,2019,2019-01-01T00:00:00+01:00,2019-12-31T00:00:00+01:00
1153166,WHS6_102,COUNTRY,EGY,YEAR,EMR,Eastern Mediterranean,,,2014,,,,,,,13.4,13.421696286,,,"Egypt in figures, MoH",2025-09-30T15:06:45.29+02:00,2014,2014-01-01T00:00:00+01:00,2014-12-31T00:00:00+01:00
1932116,WHS6_102,COUNTRY,TUR,YEAR,EUR,Europe,,,2016,,,,,,,26.7,26.670598144,,,"OECD Health Statistics Database, data extracted on 31 January 2025",2025-09-30T15:06:45.29+02:00,2016,2016-01-01T00:00:00+01:00,2016-12-31T00:00:00+01:00
5228926,WHS6_102,COUNTRY,CHN,YEAR,WPR,Western Pacific,,,2021,,,,,,,52.0,51.977049049,,,"OECD Health Statistics Database, data extracted on 31 January 2025",2025-09-30T15:06:45.29+02:00,2021,2021-01-01T00:00:00+01:00,2021-12-31T00:00:00+01:00
906279,WHS6_102,COUNTRY,AFG,YEAR,EMR,Eastern Mediterranean,,,2019,,,,,,,3.8,3.833197301,,,"Afghanistan Statistical Yearbook, National Statistic and Information Authority",2025-09-30T15:06:45.29+02:00,2019,2019-01-01T00:00:00+01:00,2019-12-31T00:00:00+01:00
8756155,WHS6_102,COUNTRY,POL,YEAR,EUR,Europe,,,2021,,,,,,,62.2,62.234781299,,,"OECD Health Statistics Database, data extracted on 31 January 2025",2025-09-30T15:06:45.29+02:00,2021,2021-01-01T00:00:00+01:00,2021-12-31T00:00:00+01:00
3389560,WHS6_102,COUNTRY,PHL,YEAR,WPR,Western Pacific,,,2011,,,,,,,10.4,10.373072329,,,"HFSRB, CO, CHD-RLEDS",2025-09-30T15:06:45.29+02:00,2011,2011-01-01T00:00:00+01:00,2011-12-31T00:00:00+01:00
4817069,WHS6_102,COUNTRY,PAK,YEAR,EMR,Eastern Mediterranean,,,2017,,,,,,,5.0,5.014332727,,,"Pakistan statistical yearbook, MoH",2025-09-30T15:06:45.29+02:00,2017,2017-01-01T00:00:00+01:00,2017-12-31T00:00:00+01:00
10206232,WHS6_102,COUNTRY,RWA,YEAR,AFR,Africa,,,2020,,,,,,,7.4,7.435419384,,,"Statistical Yearbook, National Institute of Statistics of Rwanda",2025-09-30T15:06:45.29+02:00,2020,2020-01-01T00:00:00+01:00,2020-12-31T00:00:00+01:00
6027059,WHS6_102,COUNTRY,SGP,YEAR,WPR,Western Pacific,,,2019,,,,,,,26.9,26.910368032,,,"SingStat Table builder, Statistics Singapore",2025-09-30T15:06:45.29+02:00,2019,2019-01-01T00:00:00+01:00,2019-12-31T00:00:00+01:00
109245,WHS6_102,COUNTRY,PHL,YEAR,WPR,Western Pacific,,,2016,,,,,,,10.3,10.341617305,,,"HFSRB, CO, CHD-RLEDS",2025-09-30T15:06:45.29+02:00,2016,2016-01-01T00:00:00+01:00,2016-12-31T00:00:00+01:00
2058387,WHS6_102,COUNTRY,RWA,YEAR,AFR,Africa,,,2014,,,,,,,7.1,7.057783369,,,"Statistical Yearbook, National Institute of Statistics of Rwanda",2025-09-30T15:06:45.29+02:00,2014,2014-01-01T00:00:00+01:00,2014-12-31T00:00:00+01:00
3707604,WHS6_102,COUNTRY,EGY,YEAR,EMR,Eastern Mediterranean,,,2010,,,,,,,14.0,14.027859724,,,"Egypt in figures, MoH",2025-09-30T15:06:45.29+02:00,2010,2010-01-01T00:00:00+01:00,2010-12-31T00:00:00+01:00
5336936,WHS6_102,COUNTRY,IDN,YEAR,WPR,Western Pacific,,,2019,,,,,,,11.6,11.633334071,,,"Indonesia Health Profile, Ministry of Health",2025-09-30T15:06:45.29+02:00,2019,2019-01-01T00:00:00+01:00,2019-12-31T00:00:00+01:00
3415342,WHS6_102,COUNTRY,GHA,YEAR,AFR,Africa,,,2012,,,,,,,7.2,7.164212021,,,"Statistical Yearbook, Ghana Statistical Service",2025-09-30T15:06:45.29+02:00,2012,2012-01-01T00:00:00+01:00,2012-12-31T00:00:00+01:00
9320359,WHS6_102,COUNTRY,CHL,YEAR,AMR,Americas,,,2013,,,,,,,21.6,21.581377698,,,"OECD Health Statistics Database, data extracted on 31 January 2025",2025-09-30T15:06:45.29+02:00,2013,2013-01-01T00:00:00+01:00,2013-12-31T00:00:00+01:00
8465262,WHS6_102,COUNTRY,THA,YEAR,SEAR,South-East Asia,,,2021,,,,,,,23.4,23.3611061,,,"Statistical yearbook, National Statistical Office",2025-09-30T15:06:45.29+02:00,2021,2021-01-01T00:00:00+01:00,2021-12-31T00:00:00+01:00
2647880,WHS6_102,COUNTRY,KOR,YEAR,WPR,Western Pacific,,,2015,,,,,,,116.2,116.166455577,,,"OECD Health Statistics Database, data extracted on 31 January 2025",2025-09-30T15:06:45.29+02:00,2015,2015-01-01T00:00:00+01:00,2015-12-31T00:00:00+01:00
2692178,WHS6_102,COUNTRY,AFG,YEAR,EMR,Eastern Mediterranean,,,2023,,,,,,,3.5,3.525529744,,,"Afghanistan Statistical Yearbook, National Statistic and Information Authority",2025-09-30T15:06:45.29+02:00,2023,2023-01-01T00:00:00+01:00,2023-12-31T00:00:00+01:00
2920708,WHS6_102,COUNTRY,BRA,YEAR,AMR,Americas,,,2021,,,,,,,25.2,25.181114995,,,"OECD Health Statistics Database, data extracted on 31 January 2025",2025-09-30T15:06:45.29+02:00,2021,2021-01-01T00:00:00+01:00,2021-12-31T00:00:00+01:00
2928762,WHS6_102,COUNTRY,KOR,YEAR,WPR,Western Pacific,,,2021,,,,,,,127.5,127.474519417,,,"OECD Health Statistics Database, data extracted on 31 January 2025",2025-09-30T15:06:45.29+02:00,2021,2021-01-01T00:00:00+01:00,2021-12-31T00:00:00+01:00
2965802,WHS6_102,COUNTRY,JPN,YEAR,WPR,Western Pacific,,,2011,,,,,,,133.7,133.683584049,,,"OECD Health Statistics Database, data extracted on 31 January 2025",2025-09-30T15:06:45.29+02:00,2011,2011-01-01T00:00:00+01:00,2011-12-31T00:00:00+01:00
3239436,WHS6_102,COUNTRY,BGD,YEAR,SEAR,South-East Asia,,,2017,,,,,,,8.4,8.448563736,,,"Health Bulletin, MoH",2025-09-30T15:06:45.29+02:00,2017,2017-01-01T00:00:00+01:00,2017-12-31T00:00:00+01:00
3303633,WHS6_102,COUNTRY,RWA,YEAR,AFR,Africa,,,2021,,,,,,,7.4,7.404572071,,,"Statistical Yearbook, National Institute of Statistics of Rwanda",2025-09-30T15:06:45.29+02:00,2021,2021-01-01T00:00:00+01:00,2021-12-31T00:00:00+01:00
3303692,WHS6_102,COUNTRY,GHA,YEAR,AFR,Africa,,,2013,,,,,,,7.3,7.268991084,,,"Statistical Yearbook, Ghana Statistical Service",2025-09-30T15:06:45.29+02:00,2013,2013-01-01T00:00:00+01:00,2013-12-31T00:00:00+01:00
3355098,WHS6_102,COUNTRY,IND,YEAR,SEAR,South-East Asia,,,2015,,,,,,,17.0,16.982006056,,,"National Health Profile, Central Bureau of Health Intelligence",2025-09-30T15:06:45.29+02:00,2015,2015-01-01T00:00:00+01:00,2015-12-31T00:00:00+01:00
3417171,WHS6_102,COUNTRY,SGP,YEAR,WPR,Western Pacific,,,2010,,,,,,,21.9,21.865188634,,,"SingStat Table builder, Statistics Singapore",2025-09-30T15:06:45.29+02:00,2010,2010-01-01T00:00:00+01:00,2010-12-31T00:00:00+01:00
3548412,WHS6_102,COUNTRY,JPN,YEAR,WPR,Western Pacific,,,2018,,,,,,,129.3,129.332801758,,,"OECD Health Statistics Database, data extracted on 31 January 2025",2025-09-30T15:06:45.29+02:00,2018,2018-01-01T00:00:00+01:00,2018-12-31T00:00:00+01:00
3627074,WHS6_102,COUNTRY,PHL,YEAR,WPR,Western Pacific,,,2017,,,,,,,9.8,9.782029165,,,"HFSRB, CO, CHD-RLEDS",2025-09-30T15:06:45.29+02:00,2017,2017-01-01T00:00:00+01:00,2017-12-31T00:00:00+01:00
3641228,WHS6_102,COUNTRY,TUR,YEAR,EUR,Europe,,,2022,,,,,,,30.1,30.116541216,,,"OECD Health Statistics Database, data extracted on 31 January 2025",2025-09-30T15:06:45.29+02:00,2022,2022-01-01T00:00:00+01:00,2022-12-31T00:00:00+01:00
66625,WHS6_102,COUNTRY,EGY,YEAR,EMR,Eastern Mediterranean,,,2013,,,,,,,13.7,13.731052565,,,"Egypt in figures, MoH",2025-09-30T15:06:45.29+02:00,2013,2013-01-01T00:00:00+01:00,2013-12-31T00:00:00+01:00
81551,WHS6_102,COUNTRY,CHL,YEAR,AMR,Americas,,,2010,,,,,,,20.3,20.271264428,,,"OECD Health Statistics Database, data extracted on 31 January 2025",2025-09-30T15:06:45.29+02:00,2010,2010-01-01T00:00:00+01:00,2010-12-31T00:00:00+01:00
397339,WHS6_102,COUNTRY,COL,YEAR,AMR,Americas,,,2015,,,,,,,16.5,16.530360334,,,"OECD Health Statistics Database, data extracted on 31 January 2025",2025-09-30T15:06:45.29+02:00,2015,2015-01-01T00:00:00+01:00,2015-12-31T00:00:00+01:00
421986,WHS6_102,COUNTRY,MEX,YEAR,AMR,Americas,,,2014,,,,,,,10.1,10.141148339,,,"OECD Health Statistics Database, data extracted on 31 January 2025",2025-09-30T15:06:45.29+02:00,2014,2014-01-01T00:00:00+01:00,2014-12-31T00:00:00+01:00
662987,WHS6_102,COUNTRY,RWA,YEAR,AFR,Africa,,,2016,,,,,,,7.3,7.261403739,,,"Statistical Yearbook, National Institute of Statistics of Rwanda",2025-09-30T15:06:45.29+02:00,2016,2016-01-01T00:00:00+01:00,2016-12-31T00:00:00+01:00
907462,WHS6_102,COUNTRY,BRA,YEAR,AMR,Americas,,,2011,,,,,,,25.5,25.479769192,,,"OECD Health Statistics Database, data extracted on 31 January 2025",2025-09-30T15:06:45.29+02:00,2011,2011-01-01T00:00:00+01:00,2011-12-31T00:00:00+01:00
914753,WHS6_102,COUNTRY,CHL,YEAR,AMR,Americas,,,2017,,,,,,,20.9,20.935005303,,,"OECD Health Statistics Database, data extracted on 31 January 2025",2025-09-30T15:06:45.29+02:00,2017,2017-01-01T00:00:00+01:00,2017-12-31T00:00:00+01:00
1004414,WHS6_102,COUNTRY,TUR,YEAR,EUR,Europe,,,2021,,,,,,,29.4,29.358402898,,,"OECD Health Statistics Database, data extracted on 31 January 2025",2025-09-30T15:06:45.29+02:00,2021,2021-01-01T00:00:00+01:00,2021-12-31T00:00:00+01:00
1029894,WHS6_102,COUNTRY,EGY,YEAR,EMR,Eastern Mediterranean,,,2012,,,,,,,13.8,13.790427177,,,"Egypt in figures, MoH",2025-09-30T15:06:45.29+02:00,2012,2012-01-01T00:00:00+01:00,2012-12-31T00:00:00+01:00
1066390,WHS6_102,COUNTRY,EGY,YEAR,EMR,Eastern Mediterranean,,,2016,,,,,,,12.5,12.454672205,,,"Egypt in figures, MoH",2025-09-30T15:06:45.29+02:00,2016,2016-01-01T00:00:00+01:00,2016-12-31T00:00:00+01:00
1125331,WHS6_102,COUNTRY,THA,YEAR,SEAR,South-East Asia,,,2018,,,,,,,21.0,20.96514628,,,"Statistical yearbook, National Statistical Office",2025-09-30T15:06:45.29+02:00,2018,2018-01-01T00:00:00+01:00,2018-12-31T00:00:00+01:00
1148494,WHS6_102,COUNTRY,RWA,YEAR,AFR,Africa,,,2018,,,,,,,7.3,7.273381865,,,"Statistical Yearbook, National Institute of Statistics of Rwanda",2025-09-30T15:06:45.29+02:00,2018,2018-01-01T00:00:00+01:00,2018-12-31T00:00:00+01:00
1306287,WHS6_102,COUNTRY,GHA,YEAR,AFR,Africa,,,2014,,,,,,,7.1,7.099097401,,,"Statistical Yearbook, Ghana Statistical Service",2025-09-30T15:06:45.29+02:00,2014,2014-01-01T00:00:00+01:00,2014-12-31T00:00:00+01:00
1333618,WHS6_102,COUNTRY,IDN,YEAR,WPR,Western Pacific,,,2021,,,,,,,13.4,13.412256323,,,"Indonesia Health Profile, Ministry of Health",2025-09-30T15:06:45.29+02:00,2021,2021-01-01T00:00:00+01:00,2021-12-31T00:00:00+01:00
1359331,WHS6_102,COUNTRY,EGY,YEAR,EMR,Eastern Mediterranean,,,2019,,,,,,,11.9,11.933075589,,,"Egypt in figures, MoH",2025-09-30T15:06:45.29+02:00,2019,2019-01-01T00:00:00+01:00,2019-12-31T00:00:00+01:00
1377616,WHS6_102,COUNTRY,AFG,YEAR,EMR,Eastern Mediterranean,,,2013,,,,,,,4.6,4.596064177,,,"Afghanistan Statistical Yearbook, National Statistic and Information Authority",2025-09-30T15:06:45.29+02:00,2013,2013-01-01T00:00:00+01:00,2013-12-31T00:00:00+01:00
1420472,WHS6_102,COUNTRY,EGY,YEAR,EMR,Eastern Mediterranean,,,2011,,,,,,,14.0,14.01994716,,,"Egypt in figures, MoH",2025-09-30T15:06:45.29+02:00,2011,2011-01-01T00:00:00+01:00,2011-12-31T00:00:00+01:00
1510993,WHS6_102,COUNTRY,PHL,YEAR,WPR,Western Pacific,,,2010,,,,,,,10.2,10.18807619,,,"HFSRB, CO, CHD-RLEDS",2025-09-30T15:06:45.29+02:00,2010,2010-01-01T00:00:00+01:00,2010-12-31T00:00:00+01:00
1529220,WHS6_102,COUNTRY,IND,YEAR,SEAR,South-East Asia,,,2018,,,,,,,16.4,16.405900591,,,"National Health Profile, Central Bureau of Health Intelligence",2025-09-30T15:06:45.29+02:00,2018,2018-01-01T00:00:00+01:00,2018-12-31T00:00:00+01:00
1573880,WHS6_102,COUNTRY,JPN,YEAR,WPR,Western Pacific,,,2022,,,,,,,125.9,125.873870876,,,"OECD Health Statistics Database, data extracted on 31 January 2025",2025-09-30T15:06:45.29+02:00,2022,2022-01-01T00:00:00+01:00,2022-12-31T00:00:00+01:00
1586221,WHS6_102,COUNTRY,JPN,YEAR,WPR,Western Pacific,,,2020,,,,,,,126.2,126.169022733,,,"OECD Health Statistics Database, data extracted on 31 January 2025",2025-09-30T15:06:45.29+02:00,2020,2020-01-01T00:00:00+01:00,2020-12-31T00:00:00+01:00
1618221,WHS6_102,COUNTRY,BGD,YEAR,SEAR,South-East Asia,,,2019,,,,,,,8.9,8.865095342,,,"Health Bulletin, MoH",2025-09-30T15:06:45.29+02:00,2019,2019-01-01T00:00:00+01:00,2019-12-31T00:00:00+01:00
1673741,WHS6_102,COUNTRY,RWA,YEAR,AFR,Africa,,,2022,,,,,,,7.3,7.298351985,,,"Statistical Yearbook, National Institute of Statistics of Rwanda",2025-09-30T15:06:45.29+02:00,2022,2022-01-01T00:00:00+01:00,2022-12-31T00:00:00+01:00
1826096,WHS6_102,COUNTRY,COL,YEAR,AMR,Americas,,,2011,,,,,,,14.9,14.88810753,,,"OECD Health Statistics Database, data extracted on 31 January 2025",2025-09-30T15:06:45.29+02:00,2011,2011-01-01T00:00:00+01:00,2011-12-31T00:00:00+01:00
2053270,WHS6_102,COUNTRY,COL,YEAR,AMR,Americas,,,2018,,,,,,,17.3,17.342566302,,,"OECD Health Statistics Database, data extracted on 31 January 2025",2025-09-30T15:06:45.29+02:00,2018,2018-01-01T00:00:00+01:00,2018-12-31T00:00:00+01:00
2098347,WHS6_102,COUNTRY,CHN,YEAR,WPR,Western Pacific,,,2022,,,,,,,53.8,53.768165072,,,Provided by MoH during 2025 SDG 3.8.1 country consultation,2025-09-30T15:06:45.29+02:00,2022,2022-01-01T00:00:00+01:00,2022-12-31T00:00:00+01:00
2141321,WHS6_102,COUNTRY,AFG,YEAR,EMR,Eastern Mediterranean,,,2012,,,,,,,4.6,4.638737991,,,"Afghanistan Statistical Yearbook, National Statistic and Information Authority",2025-09-30T15:06:45.29+02:00,2012,2012-01-01T00:00:00+01:00,2012-12-31T00:00:00+01:00
2148061,WHS6_102,COUNTRY,AFG,YEAR,EMR,Eastern Mediterranean,,,2017,,,,,,,4.2,4.237166677,,,"Afghanistan Statistical Yearbook, National Statistic and Information Authority",2025-09-30T15:06:45.29+02:00,2017,2017-01-01T00:00:00+01:00,2017-12-31T00:00:00+01:00
2498422,WHS6_102,COUNTRY,THA,YEAR,SEAR,South-East Asia,,,2014,,,,,,,21.4,21.412387574,,,"Statistical yearbook, National Statistical Office",2025-09-30T15:06:45.29+02:00,2014,2014-01-01T00:00:00+01:00,2014-12-31T00:00:00+01:00
2509197,WHS6_102,COUNTRY,IND,YEAR,SEAR,South-East Asia,,,2021,,,,,,,15.9,15.947148815,,,"National Health Profile, Central Bureau of Health Intelligence",2025-09-30T15:06:45.29+02:00,2021,2021-01-01T00:00:00+01:00,2021-12-31T00:00:00+01:00
2510550,WHS6_102,COUNTRY,BGD,YEAR,SEAR,South-East Asia,,,2018,,,,,,,8.8,8.769035819,,,"Health Bulletin, MoH",2025-09-30T15:06:45.29+02:00,2018,2018-01-01T00:00:00+01:00,2018-12-31T00:00:00+01:00
2566151,WHS6_102,COUNTRY,BGD,YEAR,SEAR,South-East Asia,,,2020,,,,,,,9.7,9.678888307,,,Health Bulletin 2023,2025-09-30T15:06:45.29+02:00,2020,2020-01-01T00:00:00+01:00,2020-12-31T00:00:00+01:00
3914341,WHS6_102,COUNTRY,TUR,YEAR,EUR,Europe,,,2015,,,,,,,26.2,26.201342056,,,"OECD Health Statistics Database, data extracted on 31 January 2025",2025-09-30T15:06:45.29+02:00,2015,2015-01-01T00:00:00+01:00,2015-12-31T00:00:00+01:00
3968813,WHS6_102,COUNTRY,MEX,YEAR,AMR,Americas,,,2018,,,,,,,9.8,9.792033576,,,"OECD Health Statistics Database, data extracted on 31 January 2025",2025-09-30T15:06:45.29+02:00,2018,2018-01-01T00:00:00+01:00,2018-12-31T00:00:00+01:00
4205791,WHS6_102,COUNTRY,COL,YEAR,AMR,Americas,,,2019,,,,,,,17.5,17.524449544,,,"OECD Health Statistics Database, data extracted on 31 January 2025",2025-09-30T15:06:45.29+02:00,2019,2019-01-01T00:00:00+01:00,2019-12-31T00:00:00+01:00
4211249,WHS6_102,COUNTRY,SGP,YEAR,WPR,Western Pacific,,,2022,,,,,,,28.3,28.27312683,,,"SingStat Table builder, Statistics Singapore",2025-09-30T15:06:45.29+02:00,2022,2022-01-01T00:00:00+01:00,2022-12-31T00:00:00+01:00
4262841,WHS6_102,COUNTRY,KEN,YEAR,AFR,Africa,,,2010,,,,,,,14.0,14.0,,,"WHO AFRO regional observatory, data extracted on December 7 2020",2025-09-30T15:06:45.29+02:00,2010,2010-01-01T00:00:00+01:00,2010-12-31T00:00:00+01:00
4288448,WHS6_102,COUNTRY,COL,YEAR,AMR,Americas,,,2020,,,,,,,17.0,16.991310507,,,"OECD Health Statistics Database, data extracted on 31 January 2025",2025-09-30T15:06:45.29+02:00,2020,2020-01-01T00:00:00+01:00,2020-12-31T00:00:00+01:00
4319716,WHS6_102,COUNTRY,PHL,YEAR,WPR,Western Pacific,,,2021,,,,,,,9.7,9.694613786,,,"HFSRB, CO, CHD-RLEDS",2025-09-30T15:06:45.29+02:00,2021,2021-01-01T00:00:00+01:00,2021-12-31T00:00:00+01:00
4325851,WHS6_102,COUNTRY,PAK,YEAR,EMR,Eastern Mediterranean,,,2019,,,,,,,5.0,4.975760299,,,"Pakistan statistical yearbook, MoH",2025-09-30T15:06:45.29+02:00,2019,2019-01-01T00:00:00+01:00,2019-12-31T00:00:00+01:00
4400418,WHS6_102,COUNTRY,KOR,YEAR,WPR,Western Pacific,,,2020,,,,,,,126.5,126.476515963,,,"OECD Health Statistics Database, data extracted on 31 January 2025",2025-09-30T15:06:45.29+02:00,2020,2020-01-01T00:00:00+01:00,2020-12-31T00:00:00+01:00
4408986,WHS6_102,COUNTRY,CHN,YEAR,WPR,Western Pacific,,,2011,,,,,,,27.2,27.238362123,,,"OECD Health Statistics Database, data extracted on 31 January 2025",2025-09-30T15:06:45.29+02:00,2011,2011-01-01T00:00:00+01:00,2011-12-31T00:00:00+01:00
4483081,WHS6_102,COUNTRY,POL,YEAR,EUR,Europe,,,2015,,,,,,,65.9,65.861843918,,,"OECD Health Statistics Database, data extracted on 31 January 2025",2025-09-30T15:06:45.29+02:00,2015,2015-01-01T00:00:00+01:00,2015-12-31T00:00:00+01:00
4489578,WHS6_102,COUNTRY,SGP,YEAR,WPR,Western Pacific,,,2015,,,,,,,24.0,23.994890453,,,"SingStat Table builder, Statistics Singapore",2025-09-30T15:06:45.29+02:00,2015,2015-01-01T00:00:00+01:00,2015-12-31T00:00:00+01:00
4718003,WHS6_102,COUNTRY,BRA,YEAR,AMR,Americas,,,2018,,,,,,,23.0,23.048338446,,,"OECD Health Statistics Database, data extracted on 31 January 2025",2025-09-30T15:06:45.29+02:00,2018,2018-01-01T00:00:00+01:00,2018-12-31T00:00:00+01:00
4787225,WHS6_102,COUNTRY,AFG,YEAR,EMR,Eastern Mediterranean,,,2022,,,,,,,3.6,3.583394077,,,"Afghanistan Statistical Yearbook, National Statistic and Information Authority",2025-09-30T15:06:45.29+02:00,2022,2022-01-01T00:00:00+01:00,2022-12-31T00:00:00+01:00
4864189,WHS6_102,COUNTRY,ZAF,YEAR,AFR,Africa,,,2010,,,,,,,22.5,22.512779725,,,"OECD Health Statistics Database, data extracted on 31 January 2025",2025-09-30T15:06:45.29+02:00,2010,2010-01-01T00:00:00+01:00,2010-12-31T00:00:00+01:00
4946049,WHS6_102,COUNTRY,KOR,YEAR,WPR,Western Pacific,,,2017,,,,,,,122.6,122.574819367,,,"OECD Health Statistics Database, data extracted on 31 January 2025",2025-09-30T15:06:45.29+02:00,2017,2017-01-01T00:00:00+01:00,2017-12-31T00:00:00+01:00
5098148,WHS6_102,COUNTRY,COL,YEAR,AMR,Americas,,,2012,,,,,,,15.2,15.181838195,,,"OECD Health Statistics Database, data extracted on 31 January 2025",2025-09-30T15:06:45.29+02:00,2012,2012-01-01T00:00:00+01:00,2012-12-31T00:00:00+01:00
5118771,WHS6_102,COUNTRY,CHN,YEAR,WPR,Western Pacific,,,2018,,,,,,,45.9,45.945446482,,,"OECD Health Statistics Database, data extracted on 31 January 2025",2025-09-30T15:06:45.29+02:00,2018,2018-01-01T00:00:00+01:00,2018-12-31T00:00:00+01:00
5147170,WHS6_102,COUNTRY,AFG,YEAR,EMR,Eastern Mediterranean,,,2016,,,,,,,4.5,4.496174045,,,"Afghanistan Statistical Yearbook, National Statistic and Information Authority",2025-09-30T15:06:45.29+02:00,2016,2016-01-01T00:00:00+01:00,2016-12-31T00:00:00+01:00
5210794,WHS6_102,COUNTRY,THA,YEAR,SEAR,South-East Asia,,,2016,,,,,,,20.0,19.968998518,,,"Statistical yearbook, National Statistical Office",2025-09-30T15:06:45.29+02:00,2016,2016-01-01T00:00:00+01:00,2016-12-31T00:00:00+01:00
5245292,WHS6_102,COUNTRY,POL,YEAR,EUR,Europe,,,2022,,,,,,,60.4,60.384150518,,,"OECD Health Statistics Database, data extracted on 31 January 2025",2025-09-30T15:06:45.29+02:00,2022,2022-01-01T00:00:00+01:00,2022-12-31T00:00:00+01:00
5288259,WHS6_102,COUNTRY,RWA,YEAR,AFR,Africa,,,2011,,,,,,,7.2,7.196127918,,,"Statistical Yearbook, National Institute of Statistics of Rwanda",2025-09-30T15:06:45.29+02:00,2011,2011-01-01T00:00:00+01:00,2011-12-31T00:00:00+01:00
5293898,WHS6_102,COUNTRY,PAK,YEAR,EMR,Eastern Mediterranean,,,2013,,,,,,,4.7,4.715266205,,,"Pakistan statistical yearbook, MoH",2025-09-30T15:06:45.29+02:00,2013,2013-01-01T00:00:00+01:00,2013-12-31T00:00:00+01:00
5305902,WHS6_102,COUNTRY,TUR,YEAR,EUR,Europe,,,2017,,,,,,,27.2,27.185005843,,,"OECD Health Statistics Database, data extracted on 31 January 2025",2025-09-30T15:06:45.29+02:00,2017,2017-01-01T00:00:00+01:00,2017-12-31T00:00:00+01:00
5345303,WHS6_102,COUNTRY,POL,YEAR,EUR,Europe,,,2017,,,,,,,65.8,65.752773941,,,"OECD Health Statistics Database, data extracted on 31 January 2025",2025-09-30T15:06:45.29+02:00,2017,2017-01-01T00:00:00+01:00,2017-12-31T00:00:00+01:00
5352632,WHS6_102,COUNTRY,BRA,YEAR,AMR,Americas,,,2016,,,,,,,23.6,23.593665187,,,"OECD Health Statistics Database, data extracted on 31 January 2025",2025-09-30T15:06:45.29+02:00,2016,2016-01-01T00:00:00+01:00,2016-12-31T00:00:00+01:00
5394185,WHS6_102,COUNTRY,KOR,YEAR,WPR,Western Pacific,,,2018,,,,,,,124.3,124.294904732,,,"OECD Health Statistics Database, data extracted on 31 January 2025",2025-09-30T15:06:45.29+02:00,2018,2018-01-01T00:00:00+01:00,2018-12-31T00:00:00+01:00
5579939,WHS6_102,COUNTRY,CHN,YEAR,WPR,Western Pacific,,,2013,,,,,,,33.2,33.202126943,,,"OECD Health Statistics Database, data extracted on 31 January 2025",2025-09-30T15:06:45.29+02:00,2013,2013-01-01T00:00:00+01:00,2013-12-31T00:00:00+01:00
5598186,WHS6_102,COUNTRY,PAK,YEAR,EMR,Eastern Mediterranean,,,2012,,,,,,,4.5,4.483762067,,,"Pakistan statistical yearbook, MoH",2025-09-30T15:06:45.29+02:00,2012,2012-01-01T00:00:00+01:00,2012-12-31T00:00:00+01:00
5749950,WHS6_102,COUNTRY,EGY,YEAR,EMR,Eastern Mediterranean,,,2021,,,,,,,10.6,10.590047729,,,"Egypt in figures, MoH",2025-09-30T15:06:45.29+02:00,2021,2021-01-01T00:00:00+01:00,2021-12-31T00:00:00+01:00
5796118,WHS6_102,COUNTRY,IND,YEAR,SEAR,South-East Asia,,,2020,,,,,,,16.1,16.078878857,,,"National Health Profile, Central Bureau of Health Intelligence",2025-09-30T15:06:45.29+02:00,2020,2020-01-01T00:00:00+01:00,2020-12-31T00:00:00+01:00
5952704,WHS6_102,COUNTRY,KOR,YEAR,WPR,Western Pacific,,,2013,,,,,,,110.0,109.952098581,,,"OECD Health Statistics Database, data extracted on 31 January 2025",2025-09-30T15:06:45.29+02:00,2013,2013-01-01T00:00:00+01:00,2013-12-31T00:00:00+01:00
6034948,WHS6_102,COUNTRY,PHL,YEAR,WPR,Western Pacific,,,2015,,,,,,,9.3,9.273879787,,,"HFSRB, CO, CHD-RLEDS",2025-09-30T15:06:45.29+02:00,2015,2015-01-01T00:00:00+01:00,2015-12-31T00:00:00+01:00
6036094,WHS6_102,COUNTRY,THA,YEAR,SEAR,South-East Asia,,,2013,,,,,,,21.7,21.666225333,,,"Statistical yearbook, National Statistical Office",2025-09-30T15:06:45.29+02:00,2013,2013-01-01T00:00:00+01:00,2013-12-31T00:00:00+01:00
6059964,WHS6_102,COUNTRY,JPN,YEAR,WPR,Western Pacific,,,2012,,,,,,,133.2,133.188138442,,,"OECD Health Statistics Database, data extracted on 31 January 2025",2025-09-30T15:06:45.29+02:00,2012,2012-01-01T00:00:00+01:00,2012-12-31T00:00:00+01:00
6105561,WHS6_102,COUNTRY,PAK,YEAR,EMR,Eastern Mediterranean,,,2015,,,,,,,4.6,4.635491268,,,"Pakistan statistical yearbook, MoH",2025-09-30T15:06:45.29+02:00,2015,2015-01-01T00:00:00+01:00,2015-12-31T00:00:00+01:00
6119128,WHS6_102,COUNTRY,SGP,YEAR,WPR,Western Pacific,,,2021,,,,,,,28.4,28.366694655,,,"SingStat Table builder, Statistics Singapore",2025-09-30T15:06:45.29+02:00,2021,2021-01-01T00:00:00+01:00,2021-12-31T00:00:00+01:00
6174304,WHS6_102,COUNTRY,GHA,YEAR,AFR,Africa,,,2011,,,,,,,6.8,6.834618818,,,"Statistical Yearbook, Ghana Statistical Service",2025-09-30T15:06:45.29+02:00,2011,2011-01-01T00:00:00+01:00,2011-12-31T00:00:00+01:00
6251259,WHS6_102,COUNTRY,CHN,YEAR,WPR,Western Pacific,,,2020,,,,,,,50.0,50.004694777,,,"OECD Health Statistics Database, data extracted on 31 January 2025",2025-09-30T15:06:45.29+02:00,2020,2020-01-01T00:00:00+01:00,2020-12-31T00:00:00+01:00
6262450,WHS6_102,COUNTRY,KOR,YEAR,WPR,Western Pacific,,,2019,,,,,,,124.3,124.293374088,,,"OECD Health Statistics Database, data extracted on 31 January 2025",2025-09-30T15:06:45.29+02:00,2019,2019-01-01T00:00:00+01:00,2019-12-31T00:00:00+01:00
6388660,WHS6_102,COUNTRY,BRA,YEAR,AMR,Americas,,,2019,,,,,,,22.9,22.854592609,,,"OECD Health Statistics Database, data extracted on 31 January 2025",2025-09-30T15:06:45.29+02:00,2019,2019-01-01T00:00:00+01:00,2019-12-31T00:00:00+01:00
6439598,WHS6_102,COUNTRY,PHL,YEAR,WPR,Western Pacific,,,2012,,,,,,,10.1,10.11694355,,,"HFSRB, CO, CHD-RLEDS",2025-09-30T15:06:45.29+02:00,2012,2012-01-01T00:00:00+01:00,2012-12-31T00:00:00+01:00
6706289,WHS6_102,COUNTRY,PAK,YEAR,EMR,Eastern Mediterranean,,,2016,,,,,,,4.9,4.855571549,,,"Pakistan statistical yearbook, MoH",2025-09-30T15:06:45.29+02:00,2016,2016-01-01T00:00:00+01:00,2016-12-31T00:00:00+01:00
6732540,WHS6_102,COUNTRY,PAK,YEAR,EMR,Eastern Mediterranean,,,2014,,,,,,,4.7,4.65391748,,,"Pakistan statistical yearbook, MoH",2025-09-30T15:06:45.29+02:00,2014,2014-01-01T00:00:00+01:00,2014-12-31T00:00:00+01:00
6813350,WHS6_102,COUNTRY,SGP,YEAR,WPR,Western Pacific,,,2023,,,,,,,28.1,28.118399224,,,"SingStat Table builder, Statistics Singapore",2025-09-30T15:06:45.29+02:00,2023,2023-01-01T00:00:00+01:00,2023-12-31T00:00:00+01:00
6815725,WHS6_102,COUNTRY,GHA,YEAR,AFR,Africa,,,2015,,,,,,,6.9,6.937186386,,,"Statistical Yearbook, Ghana Statistical Service",2025-09-30T15:06:45.29+02:00,2015,2015-01-01T00:00:00+01:00,2015-12-31T00:00:00+01:00
6845754,WHS6_102,COUNTRY,BGD,YEAR,SEAR,South-East Asia,,,2012,,,,,,,6.1,6.132903329,,,"Health Bulletin, MoH",2025-09-30T15:06:45.29+02:00,2012,2012-01-01T00:00:00+01:00,2012-12-31T00:00:00+01:00
6997742,WHS6_102,COUNTRY,IND,YEAR,SEAR,South-East Asia,,,2010,,,,,,,18.1,18.136593751,,,"National Health Profile, Central Bureau of Health Intelligence",2025-09-30T15:06:45.29+02:00,2010,2010-01-01T00:00:00+01:00,2010-12-31T00:00:00+01:00
7067975,WHS6_102,COUNTRY,BGD,YEAR,SEAR,South-East Asia,,,2015,,,,,,,7.6,7.628408468,,,"Health Bulletin, MoH",2025-09-30T15:06:45.29+02:00,2015,2015-01-01T00:00:00+01:00,2015-12-31T00:00:00+01:00
7249937,WHS6_102,COUNTRY,JPN,YEAR,WPR,Western Pacific,,,2016,,,,,,,130.9,130.894672418,,,"OECD Health Statistics Database, data extracted on 31 January 2025",2025-09-30T15:06:45.29+02:00,2016,2016-01-01T00:00:00+01:00,2016-12-31T00:00:00+01:00
7308881,WHS6_102,COUNTRY,CHN,YEAR,WPR,Western Pacific,,,2016,,,,,,,40.5,40.517711903,,,"OECD Health Statistics Database, data extracted on 31 January 2025",2025-09-30T15:06:45.29+02:00,2016,2016-01-01T00:00:00+01:00,2016-12-31T00:00:00+01:00
7398727,WHS6_102,COUNTRY,JPN,YEAR,WPR,Western Pacific,,,2017,,,,,,,130.1,130.109635654,,,"OECD Health Statistics Database, data extracted on 31 January 2025",2025-09-30T15:06:45.29+02:00,2017,2017-01-01T00:00:00+01:00,2017-12-31T00:00:00+01:00
7454066,WHS6_102,COUNTRY,MEX,YEAR,AMR,Americas,,,2020,,,,,,,10.0,9.972392933,,,"OECD Health Statistics Database, data extracted on 31 January 2025",2025-09-30T15:06:45.29+02:00,2020,2020-01-01T00:00:00+01:00,2020-12-31T00:00:00+01:00
7588166,WHS6_102,COUNTRY,KOR,YEAR,WPR,Western Pacific,,,2014,,,,,,,116.3,116.344278374,,,"OECD Health Statistics Database, data extracted on 31 January 2025",2025-09-30T15:06:45.29+02:00,2014,2014-01-01T00:00:00+01:00,2014-12-31T00:00:00+01:00
7616827,WHS6_102,COUNTRY,AFG,YEAR,EMR,Eastern Mediterranean,,,2018,,,,,,,4.0,4.002662817,,,"Afghanistan Statistical Yearbook, National Statistic and Information Authority",2025-09-30T15:06:45.29+02:00,2018,2018-01-01T00:00:00+01:00,2018-12-31T00:00:00+01:00
7618827,WHS6_102,COUNTRY,SGP,YEAR,WPR,Western Pacific,,,2014,,,,,,,22.5,22.494003645,,,"SingStat Table builder, Statistics Singapore",2025-09-30T15:06:45.29+02:00,2014,2014-01-01T00:00:00+01:00,2014-12-31T00:00:00+01:00
7655006,WHS6_102,COUNTRY,SGP,YEAR,WPR,Western Pacific,,,2013,,,,,,,21.9,21.912180822,,,"SingStat Table builder, Statistics Singapore",2025-09-30T15:06:45.29+02:00,2013,2013-01-01T00:00:00+01:00,2013-12-31T00:00:00+01:00
7657599,WHS6_102,COUNTRY,THA,YEAR,SEAR,South-East Asia,,,2012,,,,,,,21.2,21.169682493,,,"Statistical yearbook, National Statistical Office",2025-09-30T15:06:45.29+02:00,2012,2012-01-01T00:00:00+01:00,2012-12-31T00:00:00+01:00
7669664,WHS6_102,COUNTRY,MEX,YEAR,AMR,Americas,,,2021,,,,,,,10.1,10.122590729,,,"OECD Health Statistics Database, data extracted on 31 January 2025",2025-09-30T15:06:45.29+02:00,2021,2021-01-01T00:00:00+01:00,2021-12-31T00:00:00+01:00
7756204,WHS6_102,COUNTRY,BRA,YEAR,AMR,Americas,,,2012,,,,,,,25.1,25.120264081,,,"OECD Health Statistics Database, data extracted on 31 January 2025",2025-09-30T15:06:45.29+02:00,2012,2012-01-01T00:00:00+01:00,2012-12-31T00:00:00+01:00
7814677,WHS6_102,COUNTRY,CHL,YEAR,AMR,Americas,,,2016,,,,,,,21.1,21.114865558,,,"OECD Health Statistics Database, data extracted on 31 January 2025",2025-09-30T15:06:45.29+02:00,2016,2016-01-01T00:00:00+01:00,2016-12-31T00:00:00+01:00
7991798,WHS6_102,COUNTRY,BGD,YEAR,SEAR,South-East Asia,,,2023,,,,,,,9.2,9.24924405,,,Health Bulletin 2021,2025-09-30T15:06:45.29+02:00,2023,2023-01-01T00:00:00+01:00,2023-12-31T00:00:00+01:00
8023452,WHS6_102,COUNTRY,CHN,YEAR,WPR,Western Pacific,,,2012,,,,,,,30.4,30.386539558,,,"OECD Health Statistics Database, data extracted on 31 January 2025",2025-09-30T15:06:45.29+02:00,2012,2012-01-01T00:00:00+01:00,2012-12-31T00:00:00+01:00
8086574,WHS6_102,COUNTRY,THA,YEAR,SEAR,South-East Asia,,,2022,,,,,,,23.9,23.885164635,,,"Statistical yearbook, National Statistical Office",2025-09-30T15:06:45.29+02:00,2022,2022-01-01T00:00:00+01:00,2022-12-31T00:00:00+01:00
8106878,WHS6_102,COUNTRY,CHL,YEAR,AMR,Americas,,,2021,,,,,,,19.8,19.754501428,,,"OECD Health Statistics Database, data extracted on 31 January 2025",2025-09-30T15:06:45.29+02:00,2021,2021-01-01T00:00:00+01:00,2021-12-31T00:00:00+01:00
8118749,WHS6_102,COUNTRY,CHN,YEAR,WPR,Western Pacific,,,2010,,,,,,,25.1,25.062862344,,,"OECD Health Statistics Database, data extracted on 31 January 2025",2025-09-30T15:06:45.29+02:00,2010,2010-01-01T00:00:00+01:00,2010-12-31T00:00:00+01:00
8308690,WHS6_102,COUNTRY,UGA,YEAR,AFR,Africa,,,2010,,,,,,,5.0,5.0,,,"WHO AFRO regional observatory, data extracted on December 7 2020",2025-09-30T15:06:45.29+02:00,2010,2010-01-01T00:00:00+01:00,2010-12-31T00:00:00+01:00
8347294,WHS6_102,COUNTRY,KOR,YEAR,WPR,Western Pacific,,,2022,,,,,,,128.1,128.054612101,,,"OECD Health Statistics Database, data extracted on 31 January 2025",2025-09-30T15:06:45.29+02:00,2022,2022-01-01T00:00:00+01:00,2022-12-31T00:00:00+01:00
8422567,WHS6_102,COUNTRY,TUR,YEAR,EUR,Europe,,,2018,,,,,,,27.5,27.472646259,,,"OECD Health Statistics Database, data extracted on 31 January 2025",2025-09-30T15:06:45.29+02:00,2018,2018-01-01T00:00:00+01:00,2018-12-31T00:00:00+01:00
8448827,WHS6_102,COUNTRY,COL,YEAR,AMR,Americas,,,2010,,,,,,,15.1,15.127522691,,,"OECD Health Statistics Database, data extracted on 31 January 2025",2025-09-30T15:06:45.29+02:00,2010,2010-01-01T00:00:00+01:00,2010-12-31T00:00:00+01:00
8586494,WHS6_102,COUNTRY,CHL,YEAR,AMR,Americas,,,2023,,,,,,,19.4,19.386195539,,,"OECD Health Statistics Database, data extracted on 31 January 2025",2025-09-30T15:06:45.29+02:00,2023,2023-01-01T00:00:00+01:00,2023-12-31T00:00:00+01:00
8852207,WHS6_102,COUNTRY,PHL,YEAR,WPR,Western Pacific,,,2018,,,,,,,9.4,9.422896121,,,"HFSRB, CO, CHD-RLEDS",2025-09-30T15:06:45.29+02:00,2018,2018-01-01T00:00:00+01:00,2018-12-31T00:00:00+01:00
8904802,WHS6_102,COUNTRY,RWA,YEAR,AFR,Africa,,,2010,,,,,,,7.4,7.388374771,,,"Statistical Yearbook, National Institute of Statistics of Rwanda",2025-09-30T15:06:45.29+02:00,2010,2010-01-01T00:00:00+01:00,2010-12-31T00:00:00+01:00
8918465,WHS6_102,COUNTRY,BRA,YEAR,AMR,Americas,,,2020,,,,,,,24.9,24.868105945,,,"OECD Health Statistics Database, data extracted on 31 January 2025",2025-09-30T15:06:45.29+02:00,2020,2020-01-01T00:00:00+01:00,2020-12-31T00:00:00+01:00
8979833,WHS6_102,COUNTRY,TUR,YEAR,EUR,Europe,,,2014,,,,,,,26.5,26.50515042,,,"OECD Health Statistics Database, data extracted on 31 January 2025",2025-09-30T15:06:45.29+02:00,2014,2014-01-01T00:00:00+01:00,2014-12-31T00:00:00+01:00
9030515,WHS6_102,COUNTRY,IDN,YEAR,WPR,Western Pacific,,,2010,,,,,,,5.6,5.565044072,,,"OECD Health Statistics Database, data extracted on 31 January 2025",2025-09-30T15:06:45.29+02:00,2010,2010-01-01T00:00:00+01:00,2010-12-31T00:00:00+01:00
9038852,WHS6_102,COUNTRY,IND,YEAR,SEAR,South-East Asia,,,2016,,,,,,,16.8,16.780844303,,,"National Health Profile, Central Bureau of Health Intelligence",2025-09-30T15:06:45.29+02:00,2016,2016-01-01T00:00:00+01:00,2016-12-31T00:00:00+01:00
9045541,WHS6_102,COUNTRY,MEX,YEAR,AMR,Americas,,,2015,,,,,,,10.0,9.97213979,,,"OECD Health Statistics Database, data extracted on 31 January 2025",2025-09-30T15:06:45.29+02:00,2015,2015-01-01T00:00:00+01:00,2015-12-31T00:00:00+01:00
9068933,WHS6_102,COUNTRY,CHL,YEAR,AMR,Americas,,,2015,,,,,,,21.3,21.330224523,,,"OECD Health Statistics Database, data extracted on 31 January 2025",2025-09-30T15:06:45.29+02:00,2015,2015-01-01T00:00:00+01:00,2015-12-31T00:00:00+01:00
9095552,WHS6_102,COUNTRY,THA,YEAR,SEAR,South-East Asia,,,2015,,,,,,,21.3,21.281729035,,,"Statistical yearbook, National Statistical Office",2025-09-30T15:06:45.29+02:00,2015,2015-01-01T00:00:00+01:00,2015-12-31T00:00:00+01:00
9152344,WHS6_102,COUNTRY,IDN,YEAR,WPR,Western Pacific,,,2023,,,,,,,13.7,13.68533391,,,"Indonesia Health Profile, Ministry of Health",2025-09-30T15:06:45.29+02:00,2023,2023-01-01T00:00:00+01:00,2023-12-31T00:00:00+01:00
9176669,WHS6_102,COUNTRY,THA,YEAR,SEAR,South-East Asia,,,2011,,,,,,,20.9,20.879266333,,,"Statistical yearbook, National Statistical Office",2025-09-30T15:06:45.29+02:00,2011,2011-01-01T00:00:00+01:00,2011-12-31T00:00:00+01:00
9177650,WHS6_102,COUNTRY,COL,YEAR,AMR,Americas,,,2017,,,,,,,17.4,17.408503396,,,"OECD Health Statistics Database, data extracted on 31 January 2025",2025-09-30T15:06:45.29+02:00,2017,2017-01-01T00:00:00+01:00,2017-12-31T00:00:00+01:00
9272264,WHS6_102,COUNTRY,MDG,YEAR,AFR,Africa,,,2014,,,,,,,3.2,3.171089805,,,"Annuaire des statistiques du secteur santé, MoH",2025-09-30T15:06:45.29+02:00,2014,2014-01-01T00:00:00+01:00,2014-12-31T00:00:00+01:00
9374007,WHS6_102,COUNTRY,POL,YEAR,EUR,Europe,,,2020,,,,,,,61.5,61.464716478,,,"OECD Health Statistics Database, data extracted on 31 January 2025",2025-09-30T15:06:45.29+02:00,2020,2020-01-01T00:00:00+01:00,2020-12-31T00:00:00+01:00
9487108,WHS6_102,COUNTRY,JPN,YEAR,WPR,Western Pacific,,,2019,,,,,,,127.9,127.864827546,,,"OECD Health Statistics Database, data extracted on 31 January 2025",2025-09-30T15:06:45.29+02:00,2019,2019-01-01T00:00:00+01:00,2019-12-31T00:00:00+01:00
9541902,WHS6_102,COUNTRY,BRA,YEAR,AMR,Americas,,,2014,,,,,,,24.8,24.802093237,,,"OECD Health Statistics Database, data extracted on 31 January 2025",2025-09-30T15:06:45.29+02:00,2014,2014-01-01T00:00:00+01:00,2014-12-31T00:00:00+01:00
9656196,WHS6_102,COUNTRY,CHL,YEAR,AMR,Americas,,,2012,,,,,,,21.6,21.607254613,,,"OECD Health Statistics Database, data extracted on 31 January 2025",2025-09-30T15:06:45.29+02:00,2012,2012-01-01T00:00:00+01:00,2012-12-31T00:00:00+01:00
10157265,WHS6_102,COUNTRY,BGD,YEAR,SEAR,South-East Asia,,,2010,,,,,,,5.4,5.359851499,,,"Health Bulletin, MoH",2025-09-30T15:06:45.29+02:00,2010,2010-01-01T00:00:00+01:00,2010-12-31T00:00:00+01:00
10176287,WHS6_102,COUNTRY,THA,YEAR,SEAR,South-East Asia,,,2020,,,,,,,23.2,23.214761347,,,"Statistical yearbook, National Statistical Office",2025-09-30T15:06:45.29+02:00,2020,2020-01-01T00:00:00+01:00,2020-12-31T00:00:00+01:00
10196231,WHS6_102,COUNTRY,RWA,YEAR,AFR,Africa,,,2023,,,,,,,7.5,7.483621382,,,"Statistical Yearbook, National Institute of Statistics of Rwanda",2025-09-30T15:06:45.29+02:00,2023,2023-01-01T00:00:00+01:00,2023-12-31T00:00:00+01:00
10221039,WHS6_102,COUNTRY,AFG,YEAR,EMR,Eastern Mediterranean,,,2020,,,,,,,3.3,3.346133088,,,"Afghanistan Statistical Yearbook, National Statistic and Information Authority",2025-09-30T15:06:45.29+02:00,2020,2020-01-01T00:00:00+01:00,2020-12-31T00:00:00+01:00
